participant_id,iteration,fs,accuracy
,0,0.5,69.89999999999999
60c442aafa8afba1988e2ba0,0,0.5,70.1
60c442aafa8afba1988e2ba0,1,0.5,71.0
60c442aafa8afba1988e2ba0,2,0.5,70.3
60c442aafa8afba1988e2ba0,3,0.5,72.0
60c442aafa8afba1988e2ba0,4,0.5,72.39999999999999
60c442aafa8afba1988e2ba0,5,0.5,72.0
60c442aafa8afba1988e2ba0,6,0.5,68.89999999999999
60c442aafa8afba1988e2ba0,7,0.5,70.7
60c442aafa8afba1988e2ba0,8,0.5,69.89999999999999
60c442aafa8afba1988e2ba0,9,0.5,72.5
60c442aafa8afba1988e2ba0,10,0.5,70.1
60a3a03bc01ba594c9cca88d,0,0.5,69.5
60a3a03bc01ba594c9cca88d,1,0.5,70.89999999999999
60a3a03bc01ba594c9cca88d,2,0.5,70.8
60a3a03bc01ba594c9cca88d,3,0.5,70.8
60a3a03bc01ba594c9cca88d,4,0.5,69.5
60a3a03bc01ba594c9cca88d,5,0.5,71.8
60a3a03bc01ba594c9cca88d,6,0.5,70.7
60a3a03bc01ba594c9cca88d,7,0.5,71.2
60a3a03bc01ba594c9cca88d,8,0.5,72.1
60a3a03bc01ba594c9cca88d,9,0.5,72.39999999999999
60a3a03bc01ba594c9cca88d,10,0.5,72.2
60a3a03bc01ba594c9cca88d,11,0.5,70.0
60a3a03bc01ba594c9cca88d,12,0.5,69.6
60a3a03bc01ba594c9cca88d,13,0.5,71.89999999999999
60a3a03bc01ba594c9cca88d,14,0.5,70.5
60a3a03bc01ba594c9cca88d,15,0.5,69.89999999999999
60a3a03bc01ba594c9cca88d,16,0.5,70.39999999999999
60a3a03bc01ba594c9cca88d,17,0.5,70.7
60a3a03bc01ba594c9cca88d,18,0.5,70.19999999999999
60a3a03bc01ba594c9cca88d,19,0.5,71.5
60a3a03bc01ba594c9cca88d,20,0.5,69.19999999999999
60a3a03bc01ba594c9cca88d,21,0.5,70.1
60a3a03bc01ba594c9cca88d,22,0.5,70.6
5fad5482f2e5c201d4a5cd76,0,0.5,71.5
5fad5482f2e5c201d4a5cd76,1,0.5,72.0
5fad5482f2e5c201d4a5cd76,2,0.5,71.39999999999999
5fad5482f2e5c201d4a5cd76,3,0.5,70.5
5fad5482f2e5c201d4a5cd76,4,0.5,70.1
5fad5482f2e5c201d4a5cd76,5,0.5,71.5
5fad5482f2e5c201d4a5cd76,6,0.5,71.7
5fad5482f2e5c201d4a5cd76,7,0.5,69.3
5fad5482f2e5c201d4a5cd76,8,0.5,70.6
5fad5482f2e5c201d4a5cd76,9,0.5,70.19999999999999
5fad5482f2e5c201d4a5cd76,10,0.5,70.3
5fad5482f2e5c201d4a5cd76,11,0.5,71.1
5fad5482f2e5c201d4a5cd76,12,0.5,71.6
5fad5482f2e5c201d4a5cd76,13,0.5,69.19999999999999
5fad5482f2e5c201d4a5cd76,14,0.5,70.0
5fad5482f2e5c201d4a5cd76,15,0.5,69.5
5fad5482f2e5c201d4a5cd76,16,0.5,70.0
5fad5482f2e5c201d4a5cd76,17,0.5,70.1
5fad5482f2e5c201d4a5cd76,18,0.5,68.8
5fad5482f2e5c201d4a5cd76,19,0.5,71.39999999999999
5fad5482f2e5c201d4a5cd76,20,0.5,70.8
5f047d44d191116edb3cb798,0,0.5,70.6
5f047d44d191116edb3cb798,1,0.5,70.39999999999999
5f047d44d191116edb3cb798,2,0.5,70.7
5f047d44d191116edb3cb798,3,0.5,70.7
5f047d44d191116edb3cb798,4,0.5,70.19999999999999
5f047d44d191116edb3cb798,5,0.5,69.89999999999999
5f047d44d191116edb3cb798,6,0.5,70.89999999999999
5f047d44d191116edb3cb798,7,0.5,69.89999999999999
5f047d44d191116edb3cb798,8,0.5,70.1
5f047d44d191116edb3cb798,9,0.5,70.19999999999999
5f047d44d191116edb3cb798,10,0.5,70.1
5f047d44d191116edb3cb798,11,0.5,68.7
5f047d44d191116edb3cb798,12,0.5,69.89999999999999
5f047d44d191116edb3cb798,13,0.5,69.0
5f047d44d191116edb3cb798,14,0.5,68.0
5f047d44d191116edb3cb798,15,0.5,70.19999999999999
5f047d44d191116edb3cb798,16,0.5,69.89999999999999
5f047d44d191116edb3cb798,17,0.5,70.19999999999999
5f047d44d191116edb3cb798,18,0.5,69.3
5f047d44d191116edb3cb798,19,0.5,70.5
5f047d44d191116edb3cb798,20,0.5,70.1
5f047d44d191116edb3cb798,21,0.5,68.10000000000001
5f047d44d191116edb3cb798,22,0.5,68.30000000000001
5f047d44d191116edb3cb798,23,0.5,68.7
5f047d44d191116edb3cb798,24,0.5,68.4
5f047d44d191116edb3cb798,25,0.5,69.39999999999999
5f047d44d191116edb3cb798,26,0.5,69.3
5f047d44d191116edb3cb798,27,0.5,69.39999999999999
5f047d44d191116edb3cb798,28,0.5,69.8
60ddc4cc0a3f074060092937,0,0.5,69.5
60ddc4cc0a3f074060092937,1,0.5,70.89999999999999
60ddc4cc0a3f074060092937,2,0.5,70.8
60ddc4cc0a3f074060092937,3,0.5,70.8
60ddc4cc0a3f074060092937,4,0.5,69.5
60ddc4cc0a3f074060092937,5,0.5,71.0
60ddc4cc0a3f074060092937,6,0.5,70.0
60ddc4cc0a3f074060092937,7,0.5,71.0
60ddc4cc0a3f074060092937,8,0.5,71.3
60ddc4cc0a3f074060092937,9,0.5,70.3
60ddc4cc0a3f074060092937,10,0.5,69.8
60ddc4cc0a3f074060092937,11,0.5,70.19999999999999
60ddc4cc0a3f074060092937,12,0.5,69.3
60ddc4cc0a3f074060092937,13,0.5,70.6
60ddc4cc0a3f074060092937,14,0.5,69.39999999999999
60ddc4cc0a3f074060092937,15,0.5,70.19999999999999
60ddc4cc0a3f074060092937,16,0.5,70.3
60ddc4cc0a3f074060092937,17,0.5,69.89999999999999
60ddc4cc0a3f074060092937,18,0.5,71.1
60ddc4cc0a3f074060092937,19,0.5,69.19999999999999
60ddc4cc0a3f074060092937,20,0.5,69.5
60ddc4cc0a3f074060092937,21,0.5,68.30000000000001
60ddc4cc0a3f074060092937,22,0.5,69.8
60ddc4cc0a3f074060092937,23,0.5,69.0
60ddc4cc0a3f074060092937,24,0.5,69.6
60ddc4cc0a3f074060092937,25,0.5,70.7
60ddc4cc0a3f074060092937,26,0.5,69.1
60ddc4cc0a3f074060092937,27,0.5,70.1
60ddc4cc0a3f074060092937,28,0.5,70.89999999999999
60ddc4cc0a3f074060092937,29,0.5,69.0
60ddc4cc0a3f074060092937,30,0.5,71.39999999999999
60ddc4cc0a3f074060092937,31,0.5,71.3
60ddc4cc0a3f074060092937,32,0.5,69.6
60ddc4cc0a3f074060092937,33,0.5,70.6
60ddc4cc0a3f074060092937,34,0.5,70.39999999999999
60ddc4cc0a3f074060092937,35,0.5,70.6
60ddc4cc0a3f074060092937,36,0.5,71.2
60ddc4cc0a3f074060092937,37,0.5,71.0
5f1c55c8ea92af4d99d03137,0,0.5,69.5
5f1c55c8ea92af4d99d03137,1,0.5,70.89999999999999
5f1c55c8ea92af4d99d03137,2,0.5,70.8
5f1c55c8ea92af4d99d03137,3,0.5,70.8
5f1c55c8ea92af4d99d03137,4,0.5,69.5
5f1c55c8ea92af4d99d03137,5,0.5,69.6
5f1c55c8ea92af4d99d03137,6,0.5,70.3
5f1c55c8ea92af4d99d03137,7,0.5,70.5
5f1c55c8ea92af4d99d03137,8,0.5,70.5
5f1c55c8ea92af4d99d03137,9,0.5,70.39999999999999
5f1c55c8ea92af4d99d03137,10,0.5,71.1
5f1c55c8ea92af4d99d03137,11,0.5,69.5
5f1c55c8ea92af4d99d03137,12,0.5,71.0
5f1c55c8ea92af4d99d03137,13,0.5,69.89999999999999
5f1c55c8ea92af4d99d03137,14,0.5,71.3
5f1c55c8ea92af4d99d03137,15,0.5,70.19999999999999
5f1c55c8ea92af4d99d03137,16,0.5,69.3
5f1c55c8ea92af4d99d03137,17,0.5,69.19999999999999
5f1c55c8ea92af4d99d03137,18,0.5,70.7
5f1c55c8ea92af4d99d03137,19,0.5,68.60000000000001
5f1c55c8ea92af4d99d03137,20,0.5,69.69999999999999
5f1c55c8ea92af4d99d03137,21,0.5,70.7
5f1c55c8ea92af4d99d03137,22,0.5,71.7
5f1c55c8ea92af4d99d03137,23,0.5,70.89999999999999
5f1c55c8ea92af4d99d03137,24,0.5,70.3
5f1c55c8ea92af4d99d03137,25,0.5,70.5
5f1c55c8ea92af4d99d03137,26,0.5,69.69999999999999
5f1c55c8ea92af4d99d03137,27,0.5,69.5
5f1c55c8ea92af4d99d03137,28,0.5,72.1
5f1c55c8ea92af4d99d03137,29,0.5,69.8
5f1c55c8ea92af4d99d03137,30,0.5,69.89999999999999
5b222aff59f9620001c109cb,0,0.5,70.89999999999999
5b222aff59f9620001c109cb,1,0.5,70.8
5b222aff59f9620001c109cb,2,0.5,70.8
5b222aff59f9620001c109cb,3,0.5,68.8
5b222aff59f9620001c109cb,4,0.5,69.39999999999999
5b222aff59f9620001c109cb,5,0.5,71.3
5b222aff59f9620001c109cb,6,0.5,69.39999999999999
5b222aff59f9620001c109cb,7,0.5,71.7
5b222aff59f9620001c109cb,8,0.5,71.6
5b222aff59f9620001c109cb,9,0.5,73.0
5b222aff59f9620001c109cb,10,0.5,72.39999999999999
5b222aff59f9620001c109cb,11,0.5,70.0
5b222aff59f9620001c109cb,12,0.5,72.3
5b222aff59f9620001c109cb,13,0.5,71.39999999999999
5b222aff59f9620001c109cb,14,0.5,70.6
5b222aff59f9620001c109cb,15,0.5,69.69999999999999
5b222aff59f9620001c109cb,16,0.5,70.39999999999999
5b222aff59f9620001c109cb,17,0.5,69.69999999999999
5b222aff59f9620001c109cb,18,0.5,69.89999999999999
5b222aff59f9620001c109cb,19,0.5,70.0
5b222aff59f9620001c109cb,20,0.5,69.0
60f06a479c4f3ec0a536d40a,0,0.5,69.5
60f06a479c4f3ec0a536d40a,1,0.5,70.89999999999999
60f06a479c4f3ec0a536d40a,2,0.5,70.8
60f06a479c4f3ec0a536d40a,3,0.5,70.8
60f06a479c4f3ec0a536d40a,4,0.5,69.69999999999999
60f06a479c4f3ec0a536d40a,5,0.5,71.8
60f06a479c4f3ec0a536d40a,6,0.5,71.1
60f06a479c4f3ec0a536d40a,7,0.5,69.5
60f06a479c4f3ec0a536d40a,8,0.5,71.7
60f06a479c4f3ec0a536d40a,9,0.5,71.3
60f06a479c4f3ec0a536d40a,10,0.5,70.0
60f06a479c4f3ec0a536d40a,11,0.5,71.1
60f06a479c4f3ec0a536d40a,12,0.5,68.30000000000001
60f06a479c4f3ec0a536d40a,13,0.5,69.6
60f06a479c4f3ec0a536d40a,14,0.5,70.6
60f06a479c4f3ec0a536d40a,15,0.5,70.0
60f06a479c4f3ec0a536d40a,16,0.5,70.3
60f06a479c4f3ec0a536d40a,17,0.5,69.19999999999999
60f06a479c4f3ec0a536d40a,18,0.5,69.39999999999999
60f06a479c4f3ec0a536d40a,19,0.5,71.1
60f06a479c4f3ec0a536d40a,20,0.5,70.8
60f06a479c4f3ec0a536d40a,21,0.5,70.5
60f06a479c4f3ec0a536d40a,22,0.5,69.8
60f06a479c4f3ec0a536d40a,23,0.5,71.1
60f06a479c4f3ec0a536d40a,24,0.5,71.1
60f06a479c4f3ec0a536d40a,25,0.5,71.1
63ced242b56ce9d796f4398b,0,0.5,71.1
63ced242b56ce9d796f4398b,1,0.5,70.19999999999999
63ced242b56ce9d796f4398b,2,0.5,70.1
63ced242b56ce9d796f4398b,3,0.5,70.89999999999999
63ced242b56ce9d796f4398b,4,0.5,70.8
63ced242b56ce9d796f4398b,5,0.5,69.39999999999999
63ced242b56ce9d796f4398b,6,0.5,69.3
63ced242b56ce9d796f4398b,7,0.5,70.6
63ced242b56ce9d796f4398b,8,0.5,70.39999999999999
6116920ff5bcc6aa24f00927,0,0.5,69.5
6116920ff5bcc6aa24f00927,1,0.5,69.89999999999999
6116920ff5bcc6aa24f00927,2,0.5,70.6
6116920ff5bcc6aa24f00927,3,0.5,72.3
6116920ff5bcc6aa24f00927,4,0.5,71.6
6116920ff5bcc6aa24f00927,5,0.5,70.8
6116920ff5bcc6aa24f00927,6,0.5,71.3
6116920ff5bcc6aa24f00927,7,0.5,70.8
6116920ff5bcc6aa24f00927,8,0.5,70.7
6116920ff5bcc6aa24f00927,9,0.5,71.1
6116920ff5bcc6aa24f00927,10,0.5,69.89999999999999
6116920ff5bcc6aa24f00927,11,0.5,70.0
6116920ff5bcc6aa24f00927,12,0.5,70.19999999999999
6116920ff5bcc6aa24f00927,13,0.5,71.3
6116920ff5bcc6aa24f00927,14,0.5,71.2
6116920ff5bcc6aa24f00927,15,0.5,69.6
6116920ff5bcc6aa24f00927,16,0.5,70.5
6116920ff5bcc6aa24f00927,17,0.5,68.10000000000001
5d9b4e21b56c51035c35cb3d,0,0.5,69.5
5d9b4e21b56c51035c35cb3d,1,0.5,70.89999999999999
5d9b4e21b56c51035c35cb3d,2,0.5,70.8
5d9b4e21b56c51035c35cb3d,3,0.5,70.8
5d9b4e21b56c51035c35cb3d,4,0.5,69.5
5d9b4e21b56c51035c35cb3d,5,0.5,69.8
5d9b4e21b56c51035c35cb3d,6,0.5,71.1
5d9b4e21b56c51035c35cb3d,7,0.5,69.8
5d9b4e21b56c51035c35cb3d,8,0.5,71.6
5d9b4e21b56c51035c35cb3d,9,0.5,69.8
5d9b4e21b56c51035c35cb3d,10,0.5,70.8
5d9b4e21b56c51035c35cb3d,11,0.5,70.19999999999999
5d9b4e21b56c51035c35cb3d,12,0.5,68.5
5d9b4e21b56c51035c35cb3d,13,0.5,69.0
5d9b4e21b56c51035c35cb3d,14,0.5,69.5
5d9b4e21b56c51035c35cb3d,15,0.5,70.7
5d9b4e21b56c51035c35cb3d,16,0.5,70.8
5d9b4e21b56c51035c35cb3d,17,0.5,69.69999999999999
5d9b4e21b56c51035c35cb3d,18,0.5,69.6
5d9b4e21b56c51035c35cb3d,19,0.5,72.1
5d9b4e21b56c51035c35cb3d,20,0.5,68.60000000000001
5d9b4e21b56c51035c35cb3d,21,0.5,71.1
5d9b4e21b56c51035c35cb3d,22,0.5,70.0
5d9b4e21b56c51035c35cb3d,23,0.5,71.89999999999999
5d9b4e21b56c51035c35cb3d,24,0.5,69.8
5d9b4e21b56c51035c35cb3d,25,0.5,71.1
5d9b4e21b56c51035c35cb3d,26,0.5,69.19999999999999
5d9b4e21b56c51035c35cb3d,27,0.5,70.5
5d9b4e21b56c51035c35cb3d,28,0.5,69.39999999999999
5d9b4e21b56c51035c35cb3d,29,0.5,69.69999999999999
5d9b4e21b56c51035c35cb3d,30,0.5,69.3
5d9b4e21b56c51035c35cb3d,31,0.5,69.0
5d9b4e21b56c51035c35cb3d,32,0.5,70.7
5d9b4e21b56c51035c35cb3d,33,0.5,70.7
5d9b4e21b56c51035c35cb3d,34,0.5,68.89999999999999
5d9b4e21b56c51035c35cb3d,35,0.5,70.5
5d9b4e21b56c51035c35cb3d,36,0.5,69.6
5d9b4e21b56c51035c35cb3d,37,0.5,69.6
5d9b4e21b56c51035c35cb3d,38,0.5,70.39999999999999
5d9b4e21b56c51035c35cb3d,39,0.5,69.5
5d9b4e21b56c51035c35cb3d,40,0.5,70.19999999999999
5d9b4e21b56c51035c35cb3d,41,0.5,69.39999999999999
5d9b4e21b56c51035c35cb3d,42,0.5,71.0
5d9b4e21b56c51035c35cb3d,43,0.5,69.69999999999999
5d9b4e21b56c51035c35cb3d,44,0.5,70.19999999999999
5d9b4e21b56c51035c35cb3d,45,0.5,69.6
5d9b4e21b56c51035c35cb3d,46,0.5,70.89999999999999
5d9b4e21b56c51035c35cb3d,47,0.5,69.8
5d9b4e21b56c51035c35cb3d,48,0.5,70.89999999999999
5d9b4e21b56c51035c35cb3d,49,0.5,71.39999999999999
5d9b4e21b56c51035c35cb3d,50,0.5,69.89999999999999
5d9b4e21b56c51035c35cb3d,51,0.5,71.39999999999999
5d9b4e21b56c51035c35cb3d,52,0.5,70.1
5d9b4e21b56c51035c35cb3d,53,0.5,72.7
5d9b4e21b56c51035c35cb3d,54,0.5,71.39999999999999
5d9b4e21b56c51035c35cb3d,55,0.5,69.8
5d9b4e21b56c51035c35cb3d,56,0.5,70.89999999999999
5d9b4e21b56c51035c35cb3d,57,0.5,69.1
5d9b4e21b56c51035c35cb3d,58,0.5,71.39999999999999
5d9b4e21b56c51035c35cb3d,59,0.5,70.1
5d9b4e21b56c51035c35cb3d,60,0.5,69.3
5d9b4e21b56c51035c35cb3d,61,0.5,72.39999999999999
5d9b4e21b56c51035c35cb3d,62,0.5,71.6
5d9b4e21b56c51035c35cb3d,63,0.5,71.3
5d9b4e21b56c51035c35cb3d,64,0.5,71.7
5d9b4e21b56c51035c35cb3d,65,0.5,70.39999999999999
5d9b4e21b56c51035c35cb3d,66,0.5,70.7
5d9b4e21b56c51035c35cb3d,67,0.5,70.39999999999999
5d9b4e21b56c51035c35cb3d,68,0.5,68.4
5d9b4e21b56c51035c35cb3d,69,0.5,69.69999999999999
5d9b4e21b56c51035c35cb3d,70,0.5,72.5
5d9b4e21b56c51035c35cb3d,71,0.5,69.8
5d9b4e21b56c51035c35cb3d,72,0.5,70.0
5d9b4e21b56c51035c35cb3d,73,0.5,70.19999999999999
5d9b4e21b56c51035c35cb3d,74,0.5,70.1
5d9b4e21b56c51035c35cb3d,75,0.5,70.0
5d9b4e21b56c51035c35cb3d,76,0.5,69.1
5d9b4e21b56c51035c35cb3d,77,0.5,70.1
5d9b4e21b56c51035c35cb3d,78,0.5,70.6
5fdb9ccbe6b281016f79a732,0,0.5,69.5
5fdb9ccbe6b281016f79a732,1,0.5,70.89999999999999
5fdb9ccbe6b281016f79a732,2,0.5,70.8
5fdb9ccbe6b281016f79a732,3,0.5,70.8
5fdb9ccbe6b281016f79a732,4,0.5,70.39999999999999
5fdb9ccbe6b281016f79a732,5,0.5,70.3
5fdb9ccbe6b281016f79a732,6,0.5,69.3
5fdb9ccbe6b281016f79a732,7,0.5,71.1
5fdb9ccbe6b281016f79a732,8,0.5,69.6
5fdb9ccbe6b281016f79a732,9,0.5,72.2
5fdb9ccbe6b281016f79a732,10,0.5,69.39999999999999
5fdb9ccbe6b281016f79a732,11,0.5,71.0
5fdb9ccbe6b281016f79a732,12,0.5,70.3
5fdb9ccbe6b281016f79a732,13,0.5,71.6
5fdb9ccbe6b281016f79a732,14,0.5,69.8
5fdb9ccbe6b281016f79a732,15,0.5,70.19999999999999
5fdb9ccbe6b281016f79a732,16,0.5,71.0
5fdb9ccbe6b281016f79a732,17,0.5,71.8
5fdb9ccbe6b281016f79a732,18,0.5,72.0
5fdb9ccbe6b281016f79a732,19,0.5,71.39999999999999
5fdb9ccbe6b281016f79a732,20,0.5,70.39999999999999
5fdb9ccbe6b281016f79a732,21,0.5,69.3
5fdb9ccbe6b281016f79a732,22,0.5,70.5
5fdb9ccbe6b281016f79a732,23,0.5,68.7
5fdb9ccbe6b281016f79a732,24,0.5,69.3
5fdb9ccbe6b281016f79a732,25,0.5,70.1
5fdb9ccbe6b281016f79a732,26,0.5,68.5
5fdb9ccbe6b281016f79a732,27,0.5,70.7
5fdb9ccbe6b281016f79a732,28,0.5,70.3
5fdb9ccbe6b281016f79a732,29,0.5,69.39999999999999
5fdb9ccbe6b281016f79a732,30,0.5,71.0
5fdb9ccbe6b281016f79a732,31,0.5,68.2
5fdb9ccbe6b281016f79a732,32,0.5,69.6
5fdb9ccbe6b281016f79a732,33,0.5,69.5
5fdb9ccbe6b281016f79a732,34,0.5,70.39999999999999
5fdb9ccbe6b281016f79a732,35,0.5,70.0
60febbf6684ed23d1eec2db6,0,0.5,69.5
60febbf6684ed23d1eec2db6,1,0.5,70.89999999999999
60febbf6684ed23d1eec2db6,2,0.5,70.8
60febbf6684ed23d1eec2db6,3,0.5,70.7
60febbf6684ed23d1eec2db6,4,0.5,71.1
60febbf6684ed23d1eec2db6,5,0.5,71.1
60febbf6684ed23d1eec2db6,6,0.5,69.69999999999999
60febbf6684ed23d1eec2db6,7,0.5,70.6
60febbf6684ed23d1eec2db6,8,0.5,70.1
60febbf6684ed23d1eec2db6,9,0.5,69.6
60febbf6684ed23d1eec2db6,10,0.5,71.6
60febbf6684ed23d1eec2db6,11,0.5,70.0
60febbf6684ed23d1eec2db6,12,0.5,69.8
60febbf6684ed23d1eec2db6,13,0.5,70.7
60febbf6684ed23d1eec2db6,14,0.5,70.3
60febbf6684ed23d1eec2db6,15,0.5,69.6
60febbf6684ed23d1eec2db6,16,0.5,69.5
60febbf6684ed23d1eec2db6,17,0.5,69.39999999999999
60febbf6684ed23d1eec2db6,18,0.5,69.8
60febbf6684ed23d1eec2db6,19,0.5,71.6
60febbf6684ed23d1eec2db6,20,0.5,69.69999999999999
60febbf6684ed23d1eec2db6,21,0.5,72.39999999999999
60febbf6684ed23d1eec2db6,22,0.5,71.6
60febbf6684ed23d1eec2db6,23,0.5,69.89999999999999
60febbf6684ed23d1eec2db6,24,0.5,71.0
60febbf6684ed23d1eec2db6,25,0.5,70.39999999999999
60febbf6684ed23d1eec2db6,26,0.5,72.39999999999999
60febbf6684ed23d1eec2db6,27,0.5,71.3
60febbf6684ed23d1eec2db6,28,0.5,72.1
60febbf6684ed23d1eec2db6,29,0.5,71.0
60febbf6684ed23d1eec2db6,30,0.5,70.89999999999999
60febbf6684ed23d1eec2db6,31,0.5,71.7
60febbf6684ed23d1eec2db6,32,0.5,71.3
60febbf6684ed23d1eec2db6,33,0.5,71.1
60febbf6684ed23d1eec2db6,34,0.5,72.1
60febbf6684ed23d1eec2db6,35,0.5,71.1
654ce65838678c566569c723,0,0.5,69.5
654ce65838678c566569c723,1,0.5,70.89999999999999
654ce65838678c566569c723,2,0.5,69.8
654ce65838678c566569c723,3,0.5,72.2
654ce65838678c566569c723,4,0.5,70.39999999999999
654ce65838678c566569c723,5,0.5,70.89999999999999
654ce65838678c566569c723,6,0.5,71.7
654ce65838678c566569c723,7,0.5,68.8
654ce65838678c566569c723,8,0.5,69.8
654ce65838678c566569c723,9,0.5,70.0
64f9f86e6bf2358fd13945f1,0,0.5,69.5
64f9f86e6bf2358fd13945f1,1,0.5,70.3
64f9f86e6bf2358fd13945f1,2,0.5,70.89999999999999
64f9f86e6bf2358fd13945f1,3,0.5,72.6
64f9f86e6bf2358fd13945f1,4,0.5,70.3
64f9f86e6bf2358fd13945f1,5,0.5,70.19999999999999
64f9f86e6bf2358fd13945f1,6,0.5,70.5
64f9f86e6bf2358fd13945f1,7,0.5,71.5
64f9f86e6bf2358fd13945f1,8,0.5,71.2
64f9f86e6bf2358fd13945f1,9,0.5,70.7
6507355f07adea6bb9abb279,0,0.5,70.1
6507355f07adea6bb9abb279,1,0.5,70.89999999999999
6507355f07adea6bb9abb279,2,0.5,71.0
6507355f07adea6bb9abb279,3,0.5,70.39999999999999
6507355f07adea6bb9abb279,4,0.5,72.2
6507355f07adea6bb9abb279,5,0.5,72.3
6507355f07adea6bb9abb279,6,0.5,72.0
6507355f07adea6bb9abb279,7,0.5,68.4
6507355f07adea6bb9abb279,8,0.5,71.1
6507355f07adea6bb9abb279,9,0.5,72.5
6507355f07adea6bb9abb279,10,0.5,70.0
6507355f07adea6bb9abb279,11,0.5,70.89999999999999
6507355f07adea6bb9abb279,12,0.5,70.8
6507355f07adea6bb9abb279,13,0.5,67.9
6507355f07adea6bb9abb279,14,0.5,70.7
6507355f07adea6bb9abb279,15,0.5,71.3
6507355f07adea6bb9abb279,16,0.5,71.6
6507355f07adea6bb9abb279,17,0.5,70.0
6507355f07adea6bb9abb279,18,0.5,69.5
6507355f07adea6bb9abb279,19,0.5,69.0
6507355f07adea6bb9abb279,20,0.5,68.89999999999999
6507355f07adea6bb9abb279,21,0.5,71.0
6507355f07adea6bb9abb279,22,0.5,71.5
6507355f07adea6bb9abb279,23,0.5,71.1
6507355f07adea6bb9abb279,24,0.5,69.3
6507355f07adea6bb9abb279,25,0.5,70.39999999999999
6507355f07adea6bb9abb279,26,0.5,69.0
6507355f07adea6bb9abb279,27,0.5,71.0
6507355f07adea6bb9abb279,28,0.5,71.39999999999999
6507355f07adea6bb9abb279,29,0.5,71.1
6507355f07adea6bb9abb279,30,0.5,71.3
5eceef5fa487421604c337ba,0,0.5,69.5
5eceef5fa487421604c337ba,1,0.5,70.1
5eceef5fa487421604c337ba,2,0.5,71.7
5eceef5fa487421604c337ba,3,0.5,71.0
5eceef5fa487421604c337ba,4,0.5,71.7
5eceef5fa487421604c337ba,5,0.5,70.3
5eceef5fa487421604c337ba,6,0.5,69.3
5eceef5fa487421604c337ba,7,0.5,70.7
5eceef5fa487421604c337ba,8,0.5,69.1
5eceef5fa487421604c337ba,9,0.5,70.7
5eceef5fa487421604c337ba,10,0.5,69.69999999999999
5eceef5fa487421604c337ba,11,0.5,71.39999999999999
5eceef5fa487421604c337ba,12,0.5,69.19999999999999
5f600669b846780f0fe45709,0,0.5,70.1
5f600669b846780f0fe45709,1,0.5,71.7
5f600669b846780f0fe45709,2,0.5,68.7
5f600669b846780f0fe45709,3,0.5,72.2
5f600669b846780f0fe45709,4,0.5,68.89999999999999
5f600669b846780f0fe45709,5,0.5,71.3
5f600669b846780f0fe45709,6,0.5,71.5
5f600669b846780f0fe45709,7,0.5,70.1
605b98c83da1ded576bcf096,0,0.5,69.5
605b98c83da1ded576bcf096,1,0.5,70.89999999999999
605b98c83da1ded576bcf096,2,0.5,70.8
605b98c83da1ded576bcf096,3,0.5,70.7
605b98c83da1ded576bcf096,4,0.5,71.89999999999999
605b98c83da1ded576bcf096,5,0.5,69.3
605b98c83da1ded576bcf096,6,0.5,71.5
605b98c83da1ded576bcf096,7,0.5,71.89999999999999
605b98c83da1ded576bcf096,8,0.5,69.5
605b98c83da1ded576bcf096,9,0.5,70.5
605b98c83da1ded576bcf096,10,0.5,69.6
605b98c83da1ded576bcf096,11,0.5,69.5
605b98c83da1ded576bcf096,12,0.5,71.1
605b98c83da1ded576bcf096,13,0.5,69.8
605b98c83da1ded576bcf096,14,0.5,70.0
605b98c83da1ded576bcf096,15,0.5,70.6
605b98c83da1ded576bcf096,16,0.5,70.6
605b98c83da1ded576bcf096,17,0.5,72.6
605b98c83da1ded576bcf096,18,0.5,71.3
605b98c83da1ded576bcf096,19,0.5,70.6
605b98c83da1ded576bcf096,20,0.5,71.89999999999999
605b98c83da1ded576bcf096,21,0.5,70.6
605b98c83da1ded576bcf096,22,0.5,69.3
605b98c83da1ded576bcf096,23,0.5,70.89999999999999
605b98c83da1ded576bcf096,24,0.5,71.0
605b98c83da1ded576bcf096,25,0.5,68.89999999999999
605b98c83da1ded576bcf096,26,0.5,68.7
605b98c83da1ded576bcf096,27,0.5,70.1
605b98c83da1ded576bcf096,28,0.5,70.19999999999999
605b98c83da1ded576bcf096,29,0.5,70.6
605b98c83da1ded576bcf096,30,0.5,69.8
605b98c83da1ded576bcf096,31,0.5,71.1
605b98c83da1ded576bcf096,32,0.5,68.8
605b98c83da1ded576bcf096,33,0.5,69.39999999999999
605b98c83da1ded576bcf096,34,0.5,70.7
605b98c83da1ded576bcf096,35,0.5,70.1
605b98c83da1ded576bcf096,36,0.5,71.89999999999999
605b98c83da1ded576bcf096,37,0.5,69.6
605b98c83da1ded576bcf096,38,0.5,70.0
605b98c83da1ded576bcf096,39,0.5,69.19999999999999
605b98c83da1ded576bcf096,40,0.5,70.5
605b98c83da1ded576bcf096,41,0.5,71.5
605b98c83da1ded576bcf096,42,0.5,69.1
605b98c83da1ded576bcf096,43,0.5,68.7
605b98c83da1ded576bcf096,44,0.5,70.1
605b98c83da1ded576bcf096,45,0.5,70.3
605b98c83da1ded576bcf096,46,0.5,70.1
605b98c83da1ded576bcf096,47,0.5,69.19999999999999
605b98c83da1ded576bcf096,48,0.5,69.0
605b98c83da1ded576bcf096,49,0.5,69.1
605b98c83da1ded576bcf096,50,0.5,70.0
605b98c83da1ded576bcf096,51,0.5,72.39999999999999
605b98c83da1ded576bcf096,52,0.5,67.60000000000001
605b98c83da1ded576bcf096,53,0.5,69.3
605b98c83da1ded576bcf096,54,0.5,71.1
605b98c83da1ded576bcf096,55,0.5,69.39999999999999
605b98c83da1ded576bcf096,56,0.5,69.19999999999999
605b98c83da1ded576bcf096,57,0.5,69.69999999999999
605b98c83da1ded576bcf096,58,0.5,70.39999999999999
605b98c83da1ded576bcf096,59,0.5,68.30000000000001
605b98c83da1ded576bcf096,60,0.5,70.89999999999999
605b98c83da1ded576bcf096,61,0.5,68.89999999999999
605b98c83da1ded576bcf096,62,0.5,70.89999999999999
605b98c83da1ded576bcf096,63,0.5,69.3
605b98c83da1ded576bcf096,64,0.5,70.0
605b98c83da1ded576bcf096,65,0.5,70.0
605b98c83da1ded576bcf096,66,0.5,70.7
605b98c83da1ded576bcf096,67,0.5,70.19999999999999
605b98c83da1ded576bcf096,68,0.5,69.39999999999999
605b98c83da1ded576bcf096,69,0.5,69.8
605b98c83da1ded576bcf096,70,0.5,70.89999999999999
605b98c83da1ded576bcf096,71,0.5,70.89999999999999
605b98c83da1ded576bcf096,72,0.5,69.8
605b98c83da1ded576bcf096,73,0.5,70.0
60a2541c0e5a829853aad745,0,0.5,69.5
60a2541c0e5a829853aad745,1,0.5,68.7
60a2541c0e5a829853aad745,2,0.5,71.1
60a2541c0e5a829853aad745,3,0.5,70.39999999999999
60a2541c0e5a829853aad745,4,0.5,71.89999999999999
60a2541c0e5a829853aad745,5,0.5,70.3
60a2541c0e5a829853aad745,6,0.5,70.89999999999999
60a2541c0e5a829853aad745,7,0.5,71.6
60a2541c0e5a829853aad745,8,0.5,71.8
60a2541c0e5a829853aad745,9,0.5,70.5
60a2541c0e5a829853aad745,10,0.5,69.89999999999999
60a2541c0e5a829853aad745,11,0.5,72.1
60a2541c0e5a829853aad745,12,0.5,70.6
60a2541c0e5a829853aad745,13,0.5,69.89999999999999
60a2541c0e5a829853aad745,14,0.5,71.3
5a820545b093f80001a7bcbc,0,0.5,69.5
5a820545b093f80001a7bcbc,1,0.5,70.89999999999999
5a820545b093f80001a7bcbc,2,0.5,70.8
5a820545b093f80001a7bcbc,3,0.5,70.8
5a820545b093f80001a7bcbc,4,0.5,69.5
5a820545b093f80001a7bcbc,5,0.5,70.39999999999999
5a820545b093f80001a7bcbc,6,0.5,69.89999999999999
5a820545b093f80001a7bcbc,7,0.5,73.2
5a820545b093f80001a7bcbc,8,0.5,70.39999999999999
5a820545b093f80001a7bcbc,9,0.5,72.1
5a820545b093f80001a7bcbc,10,0.5,70.8
5a820545b093f80001a7bcbc,11,0.5,69.8
5a820545b093f80001a7bcbc,12,0.5,68.89999999999999
5a820545b093f80001a7bcbc,13,0.5,70.7
61684bae4ac887b438246ff6,0,0.5,69.5
61684bae4ac887b438246ff6,1,0.5,70.89999999999999
61684bae4ac887b438246ff6,2,0.5,70.8
61684bae4ac887b438246ff6,3,0.5,70.8
61684bae4ac887b438246ff6,4,0.5,69.5
61684bae4ac887b438246ff6,5,0.5,69.6
61684bae4ac887b438246ff6,6,0.5,70.3
61684bae4ac887b438246ff6,7,0.5,70.5
61684bae4ac887b438246ff6,8,0.5,68.60000000000001
61684bae4ac887b438246ff6,9,0.5,70.8
61684bae4ac887b438246ff6,10,0.5,69.39999999999999
61684bae4ac887b438246ff6,11,0.5,70.5
61684bae4ac887b438246ff6,12,0.5,72.1
61684bae4ac887b438246ff6,13,0.5,71.89999999999999
61684bae4ac887b438246ff6,14,0.5,69.19999999999999
61684bae4ac887b438246ff6,15,0.5,70.8
61684bae4ac887b438246ff6,16,0.5,69.1
61684bae4ac887b438246ff6,17,0.5,71.2
61684bae4ac887b438246ff6,18,0.5,69.89999999999999
61684bae4ac887b438246ff6,19,0.5,70.3
61684bae4ac887b438246ff6,20,0.5,69.89999999999999
6136cb52db0f1cb2262bbf5d,0,0.5,69.5
6136cb52db0f1cb2262bbf5d,1,0.5,70.89999999999999
6136cb52db0f1cb2262bbf5d,2,0.5,70.8
6136cb52db0f1cb2262bbf5d,3,0.5,70.39999999999999
6136cb52db0f1cb2262bbf5d,4,0.5,71.0
6136cb52db0f1cb2262bbf5d,5,0.5,71.39999999999999
6136cb52db0f1cb2262bbf5d,6,0.5,69.0
6136cb52db0f1cb2262bbf5d,7,0.5,71.7
6136cb52db0f1cb2262bbf5d,8,0.5,70.0
6136cb52db0f1cb2262bbf5d,9,0.5,70.39999999999999
6136cb52db0f1cb2262bbf5d,10,0.5,69.8
6136cb52db0f1cb2262bbf5d,11,0.5,69.8
5c8bafb53b6f3d00013d7c30,0,0.5,70.8
5c8bafb53b6f3d00013d7c30,1,0.5,72.5
5c8bafb53b6f3d00013d7c30,2,0.5,72.1
5c8bafb53b6f3d00013d7c30,3,0.5,70.39999999999999
5c8bafb53b6f3d00013d7c30,4,0.5,71.8
5c8bafb53b6f3d00013d7c30,5,0.5,70.39999999999999
5c8bafb53b6f3d00013d7c30,6,0.5,71.2
5c8bafb53b6f3d00013d7c30,7,0.5,69.69999999999999
5c8bafb53b6f3d00013d7c30,8,0.5,72.8
5c8bafb53b6f3d00013d7c30,9,0.5,72.39999999999999
5c8bafb53b6f3d00013d7c30,10,0.5,71.2
5c8bafb53b6f3d00013d7c30,11,0.5,70.3
5c8bafb53b6f3d00013d7c30,12,0.5,72.3
5c8bafb53b6f3d00013d7c30,13,0.5,71.1
5c8bafb53b6f3d00013d7c30,14,0.5,69.1
5c8bafb53b6f3d00013d7c30,15,0.5,72.3
5c8bafb53b6f3d00013d7c30,16,0.5,72.3
5c8bafb53b6f3d00013d7c30,17,0.5,70.19999999999999
5c8bafb53b6f3d00013d7c30,18,0.5,71.1
5c8bafb53b6f3d00013d7c30,19,0.5,70.19999999999999
5c8bafb53b6f3d00013d7c30,20,0.5,69.1
5c8bafb53b6f3d00013d7c30,21,0.5,69.3
5c8bafb53b6f3d00013d7c30,22,0.5,69.3
5c8bafb53b6f3d00013d7c30,23,0.5,69.39999999999999
5c8bafb53b6f3d00013d7c30,24,0.5,68.7
5c8bafb53b6f3d00013d7c30,25,0.5,71.6
5c8bafb53b6f3d00013d7c30,26,0.5,68.4
5c8bafb53b6f3d00013d7c30,27,0.5,69.69999999999999
5c8bafb53b6f3d00013d7c30,28,0.5,71.39999999999999
5c8bafb53b6f3d00013d7c30,29,0.5,69.6
5c8bafb53b6f3d00013d7c30,30,0.5,69.39999999999999
5c8bafb53b6f3d00013d7c30,31,0.5,70.6
5c8bafb53b6f3d00013d7c30,32,0.5,71.5
5c8bafb53b6f3d00013d7c30,33,0.5,69.6
5c8bafb53b6f3d00013d7c30,34,0.5,70.89999999999999
5c8bafb53b6f3d00013d7c30,35,0.5,70.6
5c8bafb53b6f3d00013d7c30,36,0.5,70.6
5c8bafb53b6f3d00013d7c30,37,0.5,70.3
5c8bafb53b6f3d00013d7c30,38,0.5,72.3
5c8bafb53b6f3d00013d7c30,39,0.5,71.1
5c8bafb53b6f3d00013d7c30,40,0.5,71.8
5c8bafb53b6f3d00013d7c30,41,0.5,70.89999999999999
60513ec07ee46769ed029be4,0,0.5,70.1
60513ec07ee46769ed029be4,1,0.5,70.89999999999999
60513ec07ee46769ed029be4,2,0.5,70.7
60513ec07ee46769ed029be4,3,0.5,70.8
60513ec07ee46769ed029be4,4,0.5,71.2
60513ec07ee46769ed029be4,5,0.5,69.39999999999999
60513ec07ee46769ed029be4,6,0.5,71.39999999999999
60513ec07ee46769ed029be4,7,0.5,69.69999999999999
60513ec07ee46769ed029be4,8,0.5,70.0
60513ec07ee46769ed029be4,9,0.5,68.89999999999999
60513ec07ee46769ed029be4,10,0.5,69.6
60513ec07ee46769ed029be4,11,0.5,70.6
60513ec07ee46769ed029be4,12,0.5,70.89999999999999
60513ec07ee46769ed029be4,13,0.5,71.5
60513ec07ee46769ed029be4,14,0.5,69.6
60513ec07ee46769ed029be4,15,0.5,71.5
60513ec07ee46769ed029be4,16,0.5,70.19999999999999
60513ec07ee46769ed029be4,17,0.5,71.1
60513ec07ee46769ed029be4,18,0.5,70.39999999999999
6511fd9e06231927b6398700,0,0.5,69.5
6511fd9e06231927b6398700,1,0.5,70.89999999999999
6511fd9e06231927b6398700,2,0.5,69.8
6511fd9e06231927b6398700,3,0.5,70.8
6511fd9e06231927b6398700,4,0.5,70.7
6511fd9e06231927b6398700,5,0.5,71.8
6511fd9e06231927b6398700,6,0.5,70.1
6511fd9e06231927b6398700,7,0.5,69.69999999999999
6511fd9e06231927b6398700,8,0.5,70.1
6511fd9e06231927b6398700,9,0.5,69.19999999999999
6511fd9e06231927b6398700,10,0.5,69.69999999999999
6511fd9e06231927b6398700,11,0.5,70.7
6511fd9e06231927b6398700,12,0.5,69.3
6511fd9e06231927b6398700,13,0.5,69.6
6511fd9e06231927b6398700,14,0.5,70.3
6511fd9e06231927b6398700,15,0.5,69.6
6511fd9e06231927b6398700,16,0.5,69.3
6511fd9e06231927b6398700,17,0.5,70.0
6511fd9e06231927b6398700,18,0.5,70.3
6511fd9e06231927b6398700,19,0.5,70.39999999999999
6511fd9e06231927b6398700,20,0.5,69.6
6511fd9e06231927b6398700,21,0.5,71.0
6511fd9e06231927b6398700,22,0.5,70.5
6511fd9e06231927b6398700,23,0.5,69.19999999999999
6511fd9e06231927b6398700,24,0.5,71.5
6511fd9e06231927b6398700,25,0.5,71.0
6511fd9e06231927b6398700,26,0.5,69.89999999999999
6511fd9e06231927b6398700,27,0.5,69.1
6511fd9e06231927b6398700,28,0.5,69.19999999999999
6511fd9e06231927b6398700,29,0.5,69.19999999999999
6511fd9e06231927b6398700,30,0.5,69.0
6511fd9e06231927b6398700,31,0.5,70.8
6511fd9e06231927b6398700,32,0.5,69.5
6511fd9e06231927b6398700,33,0.5,70.1
6511fd9e06231927b6398700,34,0.5,70.1
6511fd9e06231927b6398700,35,0.5,69.19999999999999
6511fd9e06231927b6398700,36,0.5,70.5
6511fd9e06231927b6398700,37,0.5,71.6
6511fd9e06231927b6398700,38,0.5,71.6
6511fd9e06231927b6398700,39,0.5,69.19999999999999
6511fd9e06231927b6398700,40,0.5,71.39999999999999
6511fd9e06231927b6398700,41,0.5,70.7
6511fd9e06231927b6398700,42,0.5,69.8
6511fd9e06231927b6398700,43,0.5,69.69999999999999
6511fd9e06231927b6398700,44,0.5,70.0
6511fd9e06231927b6398700,45,0.5,68.60000000000001
6511fd9e06231927b6398700,46,0.5,70.3
6511fd9e06231927b6398700,47,0.5,70.5
6511fd9e06231927b6398700,48,0.5,70.0
6511fd9e06231927b6398700,49,0.5,71.6
6511fd9e06231927b6398700,50,0.5,70.0
6511fd9e06231927b6398700,51,0.5,69.69999999999999
6511fd9e06231927b6398700,52,0.5,70.8
6511fd9e06231927b6398700,53,0.5,71.6
6505e1d7baa4d89f7a2f3b53,0,0.5,69.5
6505e1d7baa4d89f7a2f3b53,1,0.5,69.89999999999999
6505e1d7baa4d89f7a2f3b53,2,0.5,70.89999999999999
6505e1d7baa4d89f7a2f3b53,3,0.5,70.1
6505e1d7baa4d89f7a2f3b53,4,0.5,69.5
6505e1d7baa4d89f7a2f3b53,5,0.5,71.0
6505e1d7baa4d89f7a2f3b53,6,0.5,71.3
6505e1d7baa4d89f7a2f3b53,7,0.5,70.19999999999999
6505e1d7baa4d89f7a2f3b53,8,0.5,70.7
6505e1d7baa4d89f7a2f3b53,9,0.5,69.8
6505e1d7baa4d89f7a2f3b53,10,0.5,70.6
6505e1d7baa4d89f7a2f3b53,11,0.5,69.1
6505e1d7baa4d89f7a2f3b53,12,0.5,69.89999999999999
6505e1d7baa4d89f7a2f3b53,13,0.5,70.89999999999999
6505e1d7baa4d89f7a2f3b53,14,0.5,69.39999999999999
6505e1d7baa4d89f7a2f3b53,15,0.5,70.7
6505e1d7baa4d89f7a2f3b53,16,0.5,70.6
6505e1d7baa4d89f7a2f3b53,17,0.5,71.5
6505e1d7baa4d89f7a2f3b53,18,0.5,70.8
5f60713e595007000a8e1da7,0,0.5,69.5
5f60713e595007000a8e1da7,1,0.5,70.89999999999999
5f60713e595007000a8e1da7,2,0.5,72.3
5f60713e595007000a8e1da7,3,0.5,69.5
5f60713e595007000a8e1da7,4,0.5,71.6
5f60713e595007000a8e1da7,5,0.5,71.6
5f60713e595007000a8e1da7,6,0.5,71.3
5f60713e595007000a8e1da7,7,0.5,71.8
5f60713e595007000a8e1da7,8,0.5,72.0
5f60713e595007000a8e1da7,9,0.5,70.39999999999999
5f60713e595007000a8e1da7,10,0.5,70.5
5f60713e595007000a8e1da7,11,0.5,71.8
5f60713e595007000a8e1da7,12,0.5,70.39999999999999
5f60713e595007000a8e1da7,13,0.5,72.0
5f60713e595007000a8e1da7,14,0.5,72.1
5f60713e595007000a8e1da7,15,0.5,69.3
5f60713e595007000a8e1da7,16,0.5,71.6
5f60713e595007000a8e1da7,17,0.5,70.0
5f60713e595007000a8e1da7,18,0.5,71.5
5f60713e595007000a8e1da7,19,0.5,70.6
60b7bb77c573c1a28d072811,0,0.5,69.5
60b7bb77c573c1a28d072811,1,0.5,70.89999999999999
60b7bb77c573c1a28d072811,2,0.5,70.8
60b7bb77c573c1a28d072811,3,0.5,70.19999999999999
60b7bb77c573c1a28d072811,4,0.5,70.7
60b7bb77c573c1a28d072811,5,0.5,70.5
60b7bb77c573c1a28d072811,6,0.5,72.7
60b7bb77c573c1a28d072811,7,0.5,70.6
60b7bb77c573c1a28d072811,8,0.5,69.39999999999999
60b7bb77c573c1a28d072811,9,0.5,70.6
60b7bb77c573c1a28d072811,10,0.5,69.8
60b7bb77c573c1a28d072811,11,0.5,72.0
60b7bb77c573c1a28d072811,12,0.5,70.5
60b7bb77c573c1a28d072811,13,0.5,69.8
60b7bb77c573c1a28d072811,14,0.5,71.1
60b7bb77c573c1a28d072811,15,0.5,70.89999999999999
60b7bb77c573c1a28d072811,16,0.5,69.8
60b7bb77c573c1a28d072811,17,0.5,70.7
60b7bb77c573c1a28d072811,18,0.5,68.0
60b7bb77c573c1a28d072811,19,0.5,70.1
60b7bb77c573c1a28d072811,20,0.5,71.1
60b7bb77c573c1a28d072811,21,0.5,71.1
60b7bb77c573c1a28d072811,22,0.5,71.1
60b7bb77c573c1a28d072811,23,0.5,69.5
60b7bb77c573c1a28d072811,24,0.5,70.39999999999999
60b7bb77c573c1a28d072811,25,0.5,72.39999999999999
60b7bb77c573c1a28d072811,26,0.5,71.6
60b7bb77c573c1a28d072811,27,0.5,70.89999999999999
60b7bb77c573c1a28d072811,28,0.5,69.1
60b7bb77c573c1a28d072811,29,0.5,69.19999999999999
60b7bb77c573c1a28d072811,30,0.5,68.10000000000001
60b7bb77c573c1a28d072811,31,0.5,70.1
60b7bb77c573c1a28d072811,32,0.5,69.39999999999999
60b7bb77c573c1a28d072811,33,0.5,70.5
60b7bb77c573c1a28d072811,34,0.5,69.0
60b7bb77c573c1a28d072811,35,0.5,68.7
60b7bb77c573c1a28d072811,36,0.5,70.39999999999999
5d4dbe7df20feb00010b596d,0,0.5,70.1
5d4dbe7df20feb00010b596d,1,0.5,69.39999999999999
5d4dbe7df20feb00010b596d,2,0.5,71.8
5d4dbe7df20feb00010b596d,3,0.5,70.7
5d4dbe7df20feb00010b596d,4,0.5,70.8
5d4dbe7df20feb00010b596d,5,0.5,69.5
5d4dbe7df20feb00010b596d,6,0.5,69.5
5d4dbe7df20feb00010b596d,7,0.5,68.89999999999999
5d4dbe7df20feb00010b596d,8,0.5,69.1
5d4dbe7df20feb00010b596d,9,0.5,71.5
5d4dbe7df20feb00010b596d,10,0.5,71.1
5d4dbe7df20feb00010b596d,11,0.5,69.8
5d4dbe7df20feb00010b596d,12,0.5,69.5
5f913cbf314c3d000982e130,0,0.5,70.6
5f913cbf314c3d000982e130,1,0.5,70.8
5f913cbf314c3d000982e130,2,0.5,70.7
5f913cbf314c3d000982e130,3,0.5,70.5
5f913cbf314c3d000982e130,4,0.5,70.7
5f913cbf314c3d000982e130,5,0.5,69.5
5f913cbf314c3d000982e130,6,0.5,69.0
5f913cbf314c3d000982e130,7,0.5,69.1
61183bece4c3e63512e3eb5d,0,0.5,70.89999999999999
61183bece4c3e63512e3eb5d,1,0.5,72.1
61183bece4c3e63512e3eb5d,2,0.5,70.3
61183bece4c3e63512e3eb5d,3,0.5,71.6
61183bece4c3e63512e3eb5d,4,0.5,71.0
61183bece4c3e63512e3eb5d,5,0.5,72.2
61183bece4c3e63512e3eb5d,6,0.5,71.3
61183bece4c3e63512e3eb5d,7,0.5,68.4
61183bece4c3e63512e3eb5d,8,0.5,70.19999999999999
61183bece4c3e63512e3eb5d,9,0.5,70.0
61183bece4c3e63512e3eb5d,10,0.5,69.1
61183bece4c3e63512e3eb5d,11,0.5,68.30000000000001
61183bece4c3e63512e3eb5d,12,0.5,70.7
61183bece4c3e63512e3eb5d,13,0.5,70.89999999999999
61183bece4c3e63512e3eb5d,14,0.5,68.5
61183bece4c3e63512e3eb5d,15,0.5,69.69999999999999
61183bece4c3e63512e3eb5d,16,0.5,69.5
61183bece4c3e63512e3eb5d,17,0.5,70.0
608ab7f46594ee2bcc835f69,0,0.5,69.5
608ab7f46594ee2bcc835f69,1,0.5,68.7
608ab7f46594ee2bcc835f69,2,0.5,70.0
608ab7f46594ee2bcc835f69,3,0.5,70.1
608ab7f46594ee2bcc835f69,4,0.5,69.89999999999999
608ab7f46594ee2bcc835f69,5,0.5,72.5
608ab7f46594ee2bcc835f69,6,0.5,70.5
608ab7f46594ee2bcc835f69,7,0.5,71.0
611e2078cadc8161a119af67,0,0.5,69.5
611e2078cadc8161a119af67,1,0.5,70.89999999999999
611e2078cadc8161a119af67,2,0.5,71.1
611e2078cadc8161a119af67,3,0.5,69.1
611e2078cadc8161a119af67,4,0.5,72.0
611e2078cadc8161a119af67,5,0.5,69.69999999999999
611e2078cadc8161a119af67,6,0.5,70.3
611e2078cadc8161a119af67,7,0.5,69.39999999999999
611e2078cadc8161a119af67,8,0.5,71.39999999999999
611e2078cadc8161a119af67,9,0.5,70.6
611e2078cadc8161a119af67,10,0.5,68.60000000000001
611e2078cadc8161a119af67,11,0.5,69.5
611e2078cadc8161a119af67,12,0.5,70.39999999999999
611e2078cadc8161a119af67,13,0.5,69.89999999999999
65257c1a7780ceee7f6ef9bd,0,0.5,70.1
65257c1a7780ceee7f6ef9bd,1,0.5,69.6
65257c1a7780ceee7f6ef9bd,2,0.5,71.0
65257c1a7780ceee7f6ef9bd,3,0.5,72.5
65257c1a7780ceee7f6ef9bd,4,0.5,69.19999999999999
65257c1a7780ceee7f6ef9bd,5,0.5,70.8
65257c1a7780ceee7f6ef9bd,6,0.5,70.1
65257c1a7780ceee7f6ef9bd,7,0.5,71.3
65257c1a7780ceee7f6ef9bd,8,0.5,70.3
65257c1a7780ceee7f6ef9bd,9,0.5,72.39999999999999
65257c1a7780ceee7f6ef9bd,10,0.5,69.89999999999999
65257c1a7780ceee7f6ef9bd,11,0.5,70.0
65257c1a7780ceee7f6ef9bd,12,0.5,70.19999999999999
65257c1a7780ceee7f6ef9bd,13,0.5,71.5
65257c1a7780ceee7f6ef9bd,14,0.5,71.1
65257c1a7780ceee7f6ef9bd,15,0.5,71.0
65257c1a7780ceee7f6ef9bd,16,0.5,70.7
65257c1a7780ceee7f6ef9bd,17,0.5,70.3
65257c1a7780ceee7f6ef9bd,18,0.5,71.6
65257c1a7780ceee7f6ef9bd,19,0.5,70.3
65257c1a7780ceee7f6ef9bd,20,0.5,70.6
6234857563ccaf842e470196,0,0.5,69.5
6234857563ccaf842e470196,1,0.5,70.89999999999999
6234857563ccaf842e470196,2,0.5,70.8
6234857563ccaf842e470196,3,0.5,70.8
6234857563ccaf842e470196,4,0.5,69.5
6234857563ccaf842e470196,5,0.5,69.8
6234857563ccaf842e470196,6,0.5,71.1
6234857563ccaf842e470196,7,0.5,69.8
6234857563ccaf842e470196,8,0.5,71.6
6234857563ccaf842e470196,9,0.5,69.8
6234857563ccaf842e470196,10,0.5,70.8
6234857563ccaf842e470196,11,0.5,70.19999999999999
6234857563ccaf842e470196,12,0.5,69.3
6234857563ccaf842e470196,13,0.5,70.19999999999999
6234857563ccaf842e470196,14,0.5,70.1
6234857563ccaf842e470196,15,0.5,69.69999999999999
6107aa76ee9845023fb0cb80,0,0.5,71.1
6107aa76ee9845023fb0cb80,1,0.5,72.6
6107aa76ee9845023fb0cb80,2,0.5,70.19999999999999
6107aa76ee9845023fb0cb80,3,0.5,71.39999999999999
6107aa76ee9845023fb0cb80,4,0.5,70.7
6107aa76ee9845023fb0cb80,5,0.5,72.0
6107aa76ee9845023fb0cb80,6,0.5,69.8
6107aa76ee9845023fb0cb80,7,0.5,70.6
6107aa76ee9845023fb0cb80,8,0.5,70.1
6107aa76ee9845023fb0cb80,9,0.5,71.0
6107aa76ee9845023fb0cb80,10,0.5,72.39999999999999
6107aa76ee9845023fb0cb80,11,0.5,69.8
6107aa76ee9845023fb0cb80,12,0.5,69.0
6107aa76ee9845023fb0cb80,13,0.5,70.5
6107aa76ee9845023fb0cb80,14,0.5,70.1
6107aa76ee9845023fb0cb80,15,0.5,70.7
6107aa76ee9845023fb0cb80,16,0.5,70.7
6107aa76ee9845023fb0cb80,17,0.5,71.1
6107aa76ee9845023fb0cb80,18,0.5,72.3
6107aa76ee9845023fb0cb80,19,0.5,70.39999999999999
6107aa76ee9845023fb0cb80,20,0.5,71.5
6107aa76ee9845023fb0cb80,21,0.5,70.7
6107aa76ee9845023fb0cb80,22,0.5,70.5
6107aa76ee9845023fb0cb80,23,0.5,71.1
6107aa76ee9845023fb0cb80,24,0.5,70.39999999999999
6107aa76ee9845023fb0cb80,25,0.5,70.89999999999999
6107aa76ee9845023fb0cb80,26,0.5,72.0
6107aa76ee9845023fb0cb80,27,0.5,72.7
6107aa76ee9845023fb0cb80,28,0.5,71.39999999999999
6107aa76ee9845023fb0cb80,29,0.5,69.89999999999999
6107aa76ee9845023fb0cb80,30,0.5,71.89999999999999
61641a12f14a6f1b08edd5bf,0,0.5,69.5
61641a12f14a6f1b08edd5bf,1,0.5,70.89999999999999
61641a12f14a6f1b08edd5bf,2,0.5,71.1
61641a12f14a6f1b08edd5bf,3,0.5,70.8
61641a12f14a6f1b08edd5bf,4,0.5,69.5
61641a12f14a6f1b08edd5bf,5,0.5,70.39999999999999
61641a12f14a6f1b08edd5bf,6,0.5,69.89999999999999
61641a12f14a6f1b08edd5bf,7,0.5,70.8
61641a12f14a6f1b08edd5bf,8,0.5,72.6
61641a12f14a6f1b08edd5bf,9,0.5,70.39999999999999
61641a12f14a6f1b08edd5bf,10,0.5,71.1
61641a12f14a6f1b08edd5bf,11,0.5,70.1
61641a12f14a6f1b08edd5bf,12,0.5,71.6
61641a12f14a6f1b08edd5bf,13,0.5,71.0
61641a12f14a6f1b08edd5bf,14,0.5,71.3
61641a12f14a6f1b08edd5bf,15,0.5,70.5
61641a12f14a6f1b08edd5bf,16,0.5,71.1
61641a12f14a6f1b08edd5bf,17,0.5,71.7
61641a12f14a6f1b08edd5bf,18,0.5,70.6
61641a12f14a6f1b08edd5bf,19,0.5,71.39999999999999
61641a12f14a6f1b08edd5bf,20,0.5,68.60000000000001
61641a12f14a6f1b08edd5bf,21,0.5,71.6
61641a12f14a6f1b08edd5bf,22,0.5,73.0
61641a12f14a6f1b08edd5bf,23,0.5,70.19999999999999
61641a12f14a6f1b08edd5bf,24,0.5,71.8
61641a12f14a6f1b08edd5bf,25,0.5,68.5
61641a12f14a6f1b08edd5bf,26,0.5,72.8
61641a12f14a6f1b08edd5bf,27,0.5,71.1
61641a12f14a6f1b08edd5bf,28,0.5,71.8
61641a12f14a6f1b08edd5bf,29,0.5,71.2
61641a12f14a6f1b08edd5bf,30,0.5,71.39999999999999
61641a12f14a6f1b08edd5bf,31,0.5,71.0
61641a12f14a6f1b08edd5bf,32,0.5,72.5
61641a12f14a6f1b08edd5bf,33,0.5,69.3
61641a12f14a6f1b08edd5bf,34,0.5,72.8
61641a12f14a6f1b08edd5bf,35,0.5,70.8
61641a12f14a6f1b08edd5bf,36,0.5,71.5
61641a12f14a6f1b08edd5bf,37,0.5,70.19999999999999
61641a12f14a6f1b08edd5bf,38,0.5,71.1
611c3819eac3c026d338c054,0,0.5,69.5
611c3819eac3c026d338c054,1,0.5,70.89999999999999
611c3819eac3c026d338c054,2,0.5,70.8
611c3819eac3c026d338c054,3,0.5,70.8
611c3819eac3c026d338c054,4,0.5,69.5
611c3819eac3c026d338c054,5,0.5,70.39999999999999
611c3819eac3c026d338c054,6,0.5,69.89999999999999
611c3819eac3c026d338c054,7,0.5,73.2
611c3819eac3c026d338c054,8,0.5,70.6
611c3819eac3c026d338c054,9,0.5,68.10000000000001
611c3819eac3c026d338c054,10,0.5,71.2
611c3819eac3c026d338c054,11,0.5,70.89999999999999
611c3819eac3c026d338c054,12,0.5,70.5
611c3819eac3c026d338c054,13,0.5,70.39999999999999
611c3819eac3c026d338c054,14,0.5,70.5
611c3819eac3c026d338c054,15,0.5,71.89999999999999
611c3819eac3c026d338c054,16,0.5,70.1
611c3819eac3c026d338c054,17,0.5,69.5
62fb804a737937835d963c8b,0,0.5,69.5
62fb804a737937835d963c8b,1,0.5,68.7
62fb804a737937835d963c8b,2,0.5,70.8
62fb804a737937835d963c8b,3,0.5,70.6
62fb804a737937835d963c8b,4,0.5,71.5
62fb804a737937835d963c8b,5,0.5,69.5
62fb804a737937835d963c8b,6,0.5,72.2
62fb804a737937835d963c8b,7,0.5,70.39999999999999
62fb804a737937835d963c8b,8,0.5,70.6
62fb804a737937835d963c8b,9,0.5,69.39999999999999
62fb804a737937835d963c8b,10,0.5,69.69999999999999
62fb804a737937835d963c8b,11,0.5,69.1
62fb804a737937835d963c8b,12,0.5,69.39999999999999
62fb804a737937835d963c8b,13,0.5,70.3
62fb804a737937835d963c8b,14,0.5,70.39999999999999
62fb804a737937835d963c8b,15,0.5,70.5
62fb804a737937835d963c8b,16,0.5,70.8
62fb804a737937835d963c8b,17,0.5,68.8
611d0c64d70a6d9fcd11440b,0,0.5,71.39999999999999
611d0c64d70a6d9fcd11440b,1,0.5,71.0
611d0c64d70a6d9fcd11440b,2,0.5,71.0
611d0c64d70a6d9fcd11440b,3,0.5,71.7
611d0c64d70a6d9fcd11440b,4,0.5,71.0
611d0c64d70a6d9fcd11440b,5,0.5,70.3
611d0c64d70a6d9fcd11440b,6,0.5,69.89999999999999
611d0c64d70a6d9fcd11440b,7,0.5,72.39999999999999
611d0c64d70a6d9fcd11440b,8,0.5,71.7
611d0c64d70a6d9fcd11440b,9,0.5,70.0
611d0c64d70a6d9fcd11440b,10,0.5,69.39999999999999
611d06c0bcc92ba3d7669ef6,0,0.5,69.5
611d06c0bcc92ba3d7669ef6,1,0.5,70.89999999999999
611d06c0bcc92ba3d7669ef6,2,0.5,70.8
611d06c0bcc92ba3d7669ef6,3,0.5,70.8
611d06c0bcc92ba3d7669ef6,4,0.5,69.5
611d06c0bcc92ba3d7669ef6,5,0.5,70.39999999999999
611d06c0bcc92ba3d7669ef6,6,0.5,69.89999999999999
611d06c0bcc92ba3d7669ef6,7,0.5,73.2
611d06c0bcc92ba3d7669ef6,8,0.5,70.39999999999999
611d06c0bcc92ba3d7669ef6,9,0.5,69.69999999999999
611d06c0bcc92ba3d7669ef6,10,0.5,69.0
611d06c0bcc92ba3d7669ef6,11,0.5,71.39999999999999
611d06c0bcc92ba3d7669ef6,12,0.5,70.19999999999999
57fe6296035f6e0001d71d05,0,0.5,69.5
57fe6296035f6e0001d71d05,1,0.5,70.89999999999999
57fe6296035f6e0001d71d05,2,0.5,70.8
57fe6296035f6e0001d71d05,3,0.5,70.7
57fe6296035f6e0001d71d05,4,0.5,70.7
57fe6296035f6e0001d71d05,5,0.5,70.0
65046ab60ee62c5c2a6d8463,0,0.5,71.5
65046ab60ee62c5c2a6d8463,1,0.5,70.8
65046ab60ee62c5c2a6d8463,2,0.5,71.39999999999999
65046ab60ee62c5c2a6d8463,3,0.5,70.7
65046ab60ee62c5c2a6d8463,4,0.5,70.1
65046ab60ee62c5c2a6d8463,5,0.5,71.5
65046ab60ee62c5c2a6d8463,6,0.5,70.5
65046ab60ee62c5c2a6d8463,7,0.5,69.39999999999999
65046ab60ee62c5c2a6d8463,8,0.5,70.8
65046ab60ee62c5c2a6d8463,9,0.5,70.3
65046ab60ee62c5c2a6d8463,10,0.5,70.19999999999999
65046ab60ee62c5c2a6d8463,11,0.5,71.7
65046ab60ee62c5c2a6d8463,12,0.5,71.3
65046ab60ee62c5c2a6d8463,13,0.5,71.2
65046ab60ee62c5c2a6d8463,14,0.5,72.0
65046ab60ee62c5c2a6d8463,15,0.5,71.89999999999999
65046ab60ee62c5c2a6d8463,16,0.5,71.3
65046ab60ee62c5c2a6d8463,17,0.5,71.0
65046ab60ee62c5c2a6d8463,18,0.5,68.7
65046ab60ee62c5c2a6d8463,19,0.5,70.19999999999999
65046ab60ee62c5c2a6d8463,20,0.5,69.8
65046ab60ee62c5c2a6d8463,21,0.5,71.7
65046ab60ee62c5c2a6d8463,22,0.5,70.39999999999999
55c333b0fdf99b1dbd2131bd,0,0.5,69.5
55c333b0fdf99b1dbd2131bd,1,0.5,70.89999999999999
55c333b0fdf99b1dbd2131bd,2,0.5,70.8
55c333b0fdf99b1dbd2131bd,3,0.5,70.8
55c333b0fdf99b1dbd2131bd,4,0.5,70.1
55c333b0fdf99b1dbd2131bd,5,0.5,70.39999999999999
55c333b0fdf99b1dbd2131bd,6,0.5,72.2
55c333b0fdf99b1dbd2131bd,7,0.5,69.3
55c333b0fdf99b1dbd2131bd,8,0.5,70.3
55c333b0fdf99b1dbd2131bd,9,0.5,68.89999999999999
55c333b0fdf99b1dbd2131bd,10,0.5,69.69999999999999
55c333b0fdf99b1dbd2131bd,11,0.5,71.0
55c333b0fdf99b1dbd2131bd,12,0.5,70.5
55c333b0fdf99b1dbd2131bd,13,0.5,70.0
55c333b0fdf99b1dbd2131bd,14,0.5,70.0
55c333b0fdf99b1dbd2131bd,15,0.5,69.8
6509ee73a973beda35b3a29e,0,0.5,70.1
6509ee73a973beda35b3a29e,1,0.5,70.89999999999999
6509ee73a973beda35b3a29e,2,0.5,70.8
6509ee73a973beda35b3a29e,3,0.5,70.8
6509ee73a973beda35b3a29e,4,0.5,70.39999999999999
6509ee73a973beda35b3a29e,5,0.5,70.6
6509ee73a973beda35b3a29e,6,0.5,69.69999999999999
6509ee73a973beda35b3a29e,7,0.5,69.8
6509ee73a973beda35b3a29e,8,0.5,71.2
6509ee73a973beda35b3a29e,9,0.5,69.69999999999999
6509ee73a973beda35b3a29e,10,0.5,69.69999999999999
6509ee73a973beda35b3a29e,11,0.5,70.3
6509ee73a973beda35b3a29e,12,0.5,69.6
6509ee73a973beda35b3a29e,13,0.5,70.6
6509ee73a973beda35b3a29e,14,0.5,68.4
6509ee73a973beda35b3a29e,15,0.5,70.89999999999999
6509ee73a973beda35b3a29e,16,0.5,70.8
6509ee73a973beda35b3a29e,17,0.5,69.3
6509ee73a973beda35b3a29e,18,0.5,70.7
6509ee73a973beda35b3a29e,19,0.5,68.89999999999999
6509ee73a973beda35b3a29e,20,0.5,68.7
6509ee73a973beda35b3a29e,21,0.5,70.6
610658bb4a9082015088fa3c,0,0.5,69.5
610658bb4a9082015088fa3c,1,0.5,70.89999999999999
610658bb4a9082015088fa3c,2,0.5,70.8
610658bb4a9082015088fa3c,3,0.5,71.39999999999999
610658bb4a9082015088fa3c,4,0.5,70.8
610658bb4a9082015088fa3c,5,0.5,70.19999999999999
610658bb4a9082015088fa3c,6,0.5,72.6
610658bb4a9082015088fa3c,7,0.5,70.8
610658bb4a9082015088fa3c,8,0.5,71.39999999999999
610658bb4a9082015088fa3c,9,0.5,70.0
610658bb4a9082015088fa3c,10,0.5,71.6
610658bb4a9082015088fa3c,11,0.5,70.5
610658bb4a9082015088fa3c,12,0.5,71.0
610658bb4a9082015088fa3c,13,0.5,70.1
610658bb4a9082015088fa3c,14,0.5,71.1
610658bb4a9082015088fa3c,15,0.5,72.7
610658bb4a9082015088fa3c,16,0.5,71.8
610658bb4a9082015088fa3c,17,0.5,71.7
610658bb4a9082015088fa3c,18,0.5,69.69999999999999
610658bb4a9082015088fa3c,19,0.5,71.0
610658bb4a9082015088fa3c,20,0.5,70.8
610658bb4a9082015088fa3c,21,0.5,73.5
610658bb4a9082015088fa3c,22,0.5,71.0
610658bb4a9082015088fa3c,23,0.5,72.8
610658bb4a9082015088fa3c,24,0.5,70.1
610658bb4a9082015088fa3c,25,0.5,71.1
610658bb4a9082015088fa3c,26,0.5,71.2
610658bb4a9082015088fa3c,27,0.5,70.19999999999999
610658bb4a9082015088fa3c,28,0.5,71.2
610658bb4a9082015088fa3c,29,0.5,68.7
610658bb4a9082015088fa3c,30,0.5,70.19999999999999
610658bb4a9082015088fa3c,31,0.5,69.8
610658bb4a9082015088fa3c,32,0.5,71.0
610658bb4a9082015088fa3c,33,0.5,69.19999999999999
610658bb4a9082015088fa3c,34,0.5,70.7
610658bb4a9082015088fa3c,35,0.5,68.60000000000001
610658bb4a9082015088fa3c,36,0.5,70.3
610658bb4a9082015088fa3c,37,0.5,69.6
5b3f242f9c2ec600014ef9fc,0,0.5,71.1
5b3f242f9c2ec600014ef9fc,1,0.5,70.1
5b3f242f9c2ec600014ef9fc,2,0.5,71.8
5e692a511f156a1e4aa18f70,0,0.5,69.5
5e692a511f156a1e4aa18f70,1,0.5,70.89999999999999
5e692a511f156a1e4aa18f70,2,0.5,70.8
5e692a511f156a1e4aa18f70,3,0.5,70.8
5e692a511f156a1e4aa18f70,4,0.5,69.5
5e692a511f156a1e4aa18f70,5,0.5,70.39999999999999
5e692a511f156a1e4aa18f70,6,0.5,69.89999999999999
5e692a511f156a1e4aa18f70,7,0.5,70.8
5e692a511f156a1e4aa18f70,8,0.5,72.6
5e692a511f156a1e4aa18f70,9,0.5,70.39999999999999
5e692a511f156a1e4aa18f70,10,0.5,69.5
5e692a511f156a1e4aa18f70,11,0.5,71.0
5e692a511f156a1e4aa18f70,12,0.5,70.5
5e692a511f156a1e4aa18f70,13,0.5,69.1
5e692a511f156a1e4aa18f70,14,0.5,69.3
5e692a511f156a1e4aa18f70,15,0.5,70.19999999999999
5e692a511f156a1e4aa18f70,16,0.5,71.89999999999999
5e692a511f156a1e4aa18f70,17,0.5,69.89999999999999
5e692a511f156a1e4aa18f70,18,0.5,69.69999999999999
5e692a511f156a1e4aa18f70,19,0.5,70.39999999999999
5e692a511f156a1e4aa18f70,20,0.5,70.8
5e692a511f156a1e4aa18f70,21,0.5,70.7
5e692a511f156a1e4aa18f70,22,0.5,69.8
5e692a511f156a1e4aa18f70,23,0.5,70.8
654d4401d386722f1c6bddf1,0,0.5,69.5
654d4401d386722f1c6bddf1,1,0.5,70.6
654d4401d386722f1c6bddf1,2,0.5,70.8
654d4401d386722f1c6bddf1,3,0.5,71.8
654d4401d386722f1c6bddf1,4,0.5,70.1
654d4401d386722f1c6bddf1,5,0.5,70.6
654d4401d386722f1c6bddf1,6,0.5,69.89999999999999
654d4401d386722f1c6bddf1,7,0.5,69.0
654d4401d386722f1c6bddf1,8,0.5,69.89999999999999
654d4401d386722f1c6bddf1,9,0.5,72.2
654d4401d386722f1c6bddf1,10,0.5,70.5
654d4401d386722f1c6bddf1,11,0.5,69.6
654d4401d386722f1c6bddf1,12,0.5,71.0
654d4401d386722f1c6bddf1,13,0.5,69.39999999999999
654d4401d386722f1c6bddf1,14,0.5,69.0
654d4401d386722f1c6bddf1,15,0.5,68.30000000000001
654d4401d386722f1c6bddf1,16,0.5,68.4
654d4401d386722f1c6bddf1,17,0.5,69.19999999999999
654d4401d386722f1c6bddf1,18,0.5,69.89999999999999
654d4401d386722f1c6bddf1,19,0.5,69.0
654d4401d386722f1c6bddf1,20,0.5,69.19999999999999
654d4401d386722f1c6bddf1,21,0.5,68.5
654d4401d386722f1c6bddf1,22,0.5,70.39999999999999
654d4401d386722f1c6bddf1,23,0.5,69.89999999999999
654d4401d386722f1c6bddf1,24,0.5,68.60000000000001
654d4401d386722f1c6bddf1,25,0.5,68.0
654d4401d386722f1c6bddf1,26,0.5,68.4
654d4401d386722f1c6bddf1,27,0.5,68.8
654d4401d386722f1c6bddf1,28,0.5,69.19999999999999
654d4401d386722f1c6bddf1,29,0.5,69.19999999999999
654d4401d386722f1c6bddf1,30,0.5,69.3
654d4401d386722f1c6bddf1,31,0.5,69.69999999999999
654d4401d386722f1c6bddf1,32,0.5,68.10000000000001
654d4401d386722f1c6bddf1,33,0.5,68.89999999999999
654d4401d386722f1c6bddf1,34,0.5,68.7
654d4401d386722f1c6bddf1,35,0.5,69.8
654d4401d386722f1c6bddf1,36,0.5,68.7
654d4401d386722f1c6bddf1,37,0.5,68.7
654d4401d386722f1c6bddf1,38,0.5,68.4
654d4401d386722f1c6bddf1,39,0.5,68.5
654d4401d386722f1c6bddf1,40,0.5,69.39999999999999
654d4401d386722f1c6bddf1,41,0.5,69.19999999999999
654d4401d386722f1c6bddf1,42,0.5,69.1
654d4401d386722f1c6bddf1,43,0.5,69.69999999999999
611513d0ab9d61f4053c4c8e,0,0.5,69.5
611513d0ab9d61f4053c4c8e,1,0.5,70.89999999999999
611513d0ab9d61f4053c4c8e,2,0.5,70.8
611513d0ab9d61f4053c4c8e,3,0.5,70.8
611513d0ab9d61f4053c4c8e,4,0.5,70.39999999999999
611513d0ab9d61f4053c4c8e,5,0.5,69.19999999999999
611513d0ab9d61f4053c4c8e,6,0.5,70.7
611513d0ab9d61f4053c4c8e,7,0.5,71.2
611513d0ab9d61f4053c4c8e,8,0.5,70.7
611513d0ab9d61f4053c4c8e,9,0.5,69.3
611513d0ab9d61f4053c4c8e,10,0.5,72.2
611513d0ab9d61f4053c4c8e,11,0.5,67.60000000000001
611513d0ab9d61f4053c4c8e,12,0.5,69.6
611513d0ab9d61f4053c4c8e,13,0.5,69.0
611513d0ab9d61f4053c4c8e,14,0.5,69.3
611513d0ab9d61f4053c4c8e,15,0.5,71.2
611513d0ab9d61f4053c4c8e,16,0.5,70.7
611513d0ab9d61f4053c4c8e,17,0.5,69.8
611513d0ab9d61f4053c4c8e,18,0.5,70.19999999999999
611513d0ab9d61f4053c4c8e,19,0.5,69.1
611513d0ab9d61f4053c4c8e,20,0.5,70.8
611513d0ab9d61f4053c4c8e,21,0.5,70.7
611513d0ab9d61f4053c4c8e,22,0.5,69.6
611513d0ab9d61f4053c4c8e,23,0.5,69.39999999999999
611513d0ab9d61f4053c4c8e,24,0.5,71.2
611513d0ab9d61f4053c4c8e,25,0.5,69.0
611513d0ab9d61f4053c4c8e,26,0.5,70.19999999999999
611513d0ab9d61f4053c4c8e,27,0.5,70.7
611513d0ab9d61f4053c4c8e,28,0.5,69.69999999999999
6162d95040a3fa68f76451be,0,0.5,71.0
6162d95040a3fa68f76451be,1,0.5,72.5
6162d95040a3fa68f76451be,2,0.5,70.89999999999999
6162d95040a3fa68f76451be,3,0.5,71.1
6162d95040a3fa68f76451be,4,0.5,70.1
6162d95040a3fa68f76451be,5,0.5,70.0
6162d95040a3fa68f76451be,6,0.5,71.1
65296d538ca4cc9d14c129aa,0,0.5,70.1
65296d538ca4cc9d14c129aa,1,0.5,71.0
65296d538ca4cc9d14c129aa,2,0.5,71.1
65296d538ca4cc9d14c129aa,3,0.5,70.8
65296d538ca4cc9d14c129aa,4,0.5,71.6
65296d538ca4cc9d14c129aa,5,0.5,71.2
65296d538ca4cc9d14c129aa,6,0.5,71.5
65296d538ca4cc9d14c129aa,7,0.5,72.2
65296d538ca4cc9d14c129aa,8,0.5,71.2
65296d538ca4cc9d14c129aa,9,0.5,70.19999999999999
65296d538ca4cc9d14c129aa,10,0.5,71.3
65296d538ca4cc9d14c129aa,11,0.5,69.39999999999999
65296d538ca4cc9d14c129aa,12,0.5,71.0
65296d538ca4cc9d14c129aa,13,0.5,69.5
65296d538ca4cc9d14c129aa,14,0.5,69.6
65296d538ca4cc9d14c129aa,15,0.5,72.7
65296d538ca4cc9d14c129aa,16,0.5,70.8
65296d538ca4cc9d14c129aa,17,0.5,70.39999999999999
65296d538ca4cc9d14c129aa,18,0.5,69.1
65296d538ca4cc9d14c129aa,19,0.5,68.89999999999999
65296d538ca4cc9d14c129aa,20,0.5,69.69999999999999
65296d538ca4cc9d14c129aa,21,0.5,70.6
615a10906193d263fd02c670,0,0.5,69.5
615a10906193d263fd02c670,1,0.5,70.89999999999999
615a10906193d263fd02c670,2,0.5,70.8
615a10906193d263fd02c670,3,0.5,70.8
615a10906193d263fd02c670,4,0.5,69.5
615a10906193d263fd02c670,5,0.5,69.8
615a10906193d263fd02c670,6,0.5,69.89999999999999
615a10906193d263fd02c670,7,0.5,70.8
615a10906193d263fd02c670,8,0.5,70.3
615a10906193d263fd02c670,9,0.5,68.89999999999999
615a10906193d263fd02c670,10,0.5,69.69999999999999
615a10906193d263fd02c670,11,0.5,70.19999999999999
615a10906193d263fd02c670,12,0.5,70.3
602bfa74abe14141ae89b2fe,0,0.5,70.1
602bfa74abe14141ae89b2fe,1,0.5,69.89999999999999
602bfa74abe14141ae89b2fe,2,0.5,71.0
602bfa74abe14141ae89b2fe,3,0.5,70.39999999999999
602bfa74abe14141ae89b2fe,4,0.5,71.5
602bfa74abe14141ae89b2fe,5,0.5,69.8
602bfa74abe14141ae89b2fe,6,0.5,70.7
602bfa74abe14141ae89b2fe,7,0.5,70.6
602bfa74abe14141ae89b2fe,8,0.5,70.8
5e209e63f814783b253a93ed,0,0.5,69.5
5e209e63f814783b253a93ed,1,0.5,70.89999999999999
5e209e63f814783b253a93ed,2,0.5,71.1
5e209e63f814783b253a93ed,3,0.5,71.2
5e209e63f814783b253a93ed,4,0.5,69.89999999999999
5e209e63f814783b253a93ed,5,0.5,71.0
5e209e63f814783b253a93ed,6,0.5,71.2
5e209e63f814783b253a93ed,7,0.5,69.69999999999999
5e209e63f814783b253a93ed,8,0.5,69.89999999999999
5e209e63f814783b253a93ed,9,0.5,71.1
5e209e63f814783b253a93ed,10,0.5,70.7
5e209e63f814783b253a93ed,11,0.5,69.1
5e209e63f814783b253a93ed,12,0.5,68.5
5e209e63f814783b253a93ed,13,0.5,69.6
5e209e63f814783b253a93ed,14,0.5,70.1
5e209e63f814783b253a93ed,15,0.5,69.69999999999999
5e209e63f814783b253a93ed,16,0.5,68.89999999999999
5e209e63f814783b253a93ed,17,0.5,69.5
5e209e63f814783b253a93ed,18,0.5,69.19999999999999
5e209e63f814783b253a93ed,19,0.5,68.89999999999999
5e209e63f814783b253a93ed,20,0.5,70.5
5e209e63f814783b253a93ed,21,0.5,68.2
5e209e63f814783b253a93ed,22,0.5,68.0
5e209e63f814783b253a93ed,23,0.5,70.1
5e209e63f814783b253a93ed,24,0.5,68.5
5e209e63f814783b253a93ed,25,0.5,69.69999999999999
5e209e63f814783b253a93ed,26,0.5,69.3
5e209e63f814783b253a93ed,27,0.5,69.5
5e209e63f814783b253a93ed,28,0.5,68.60000000000001
5e209e63f814783b253a93ed,29,0.5,68.5
5e209e63f814783b253a93ed,30,0.5,68.2
5e209e63f814783b253a93ed,31,0.5,69.1
5e209e63f814783b253a93ed,32,0.5,69.6
5e209e63f814783b253a93ed,33,0.5,68.89999999999999
5e209e63f814783b253a93ed,34,0.5,69.89999999999999
5e209e63f814783b253a93ed,35,0.5,69.39999999999999
5e209e63f814783b253a93ed,36,0.5,70.3
5e209e63f814783b253a93ed,37,0.5,67.60000000000001
5e209e63f814783b253a93ed,38,0.5,69.0
5e209e63f814783b253a93ed,39,0.5,69.19999999999999
65215a6b71c92df9d8c659ea,0,0.5,71.2
65215a6b71c92df9d8c659ea,1,0.5,70.1
65215a6b71c92df9d8c659ea,2,0.5,72.2
65215a6b71c92df9d8c659ea,3,0.5,69.8
65215a6b71c92df9d8c659ea,4,0.5,70.89999999999999
65215a6b71c92df9d8c659ea,5,0.5,70.3
65215a6b71c92df9d8c659ea,6,0.5,69.5
65215a6b71c92df9d8c659ea,7,0.5,69.6
61267b828ead584bcf092e35,0,0.5,69.5
61267b828ead584bcf092e35,1,0.5,70.89999999999999
61267b828ead584bcf092e35,2,0.5,70.8
61267b828ead584bcf092e35,3,0.5,70.8
61267b828ead584bcf092e35,4,0.5,69.69999999999999
61267b828ead584bcf092e35,5,0.5,71.8
61267b828ead584bcf092e35,6,0.5,70.39999999999999
61267b828ead584bcf092e35,7,0.5,69.69999999999999
61267b828ead584bcf092e35,8,0.5,69.69999999999999
61267b828ead584bcf092e35,9,0.5,69.0
61267b828ead584bcf092e35,10,0.5,69.89999999999999
5be1c7de91deed00015a97b9,0,0.5,69.5
5be1c7de91deed00015a97b9,1,0.5,70.89999999999999
5be1c7de91deed00015a97b9,2,0.5,70.8
5be1c7de91deed00015a97b9,3,0.5,70.8
5be1c7de91deed00015a97b9,4,0.5,69.5
5be1c7de91deed00015a97b9,5,0.5,69.8
5be1c7de91deed00015a97b9,6,0.5,70.19999999999999
5be1c7de91deed00015a97b9,7,0.5,70.89999999999999
5be1c7de91deed00015a97b9,8,0.5,71.6
5be1c7de91deed00015a97b9,9,0.5,69.8
5be1c7de91deed00015a97b9,10,0.5,70.8
5be1c7de91deed00015a97b9,11,0.5,70.3
5be1c7de91deed00015a97b9,12,0.5,70.7
5be1c7de91deed00015a97b9,13,0.5,70.0
5be1c7de91deed00015a97b9,14,0.5,69.39999999999999
5be1c7de91deed00015a97b9,15,0.5,70.8
5be1c7de91deed00015a97b9,16,0.5,69.89999999999999
5be1c7de91deed00015a97b9,17,0.5,71.2
5be1c7de91deed00015a97b9,18,0.5,69.8
5be1c7de91deed00015a97b9,19,0.5,70.7
5be1c7de91deed00015a97b9,20,0.5,70.6
5be1c7de91deed00015a97b9,21,0.5,69.39999999999999
5be1c7de91deed00015a97b9,22,0.5,71.5
5be1c7de91deed00015a97b9,23,0.5,70.19999999999999
5be1c7de91deed00015a97b9,24,0.5,70.8
5be1c7de91deed00015a97b9,25,0.5,71.1
5be1c7de91deed00015a97b9,26,0.5,71.0
5be1c7de91deed00015a97b9,27,0.5,69.69999999999999
5be1c7de91deed00015a97b9,28,0.5,70.5
5be1c7de91deed00015a97b9,29,0.5,70.8
5be1c7de91deed00015a97b9,30,0.5,68.30000000000001
5be1c7de91deed00015a97b9,31,0.5,70.39999999999999
61128d38f512d6800205d192,0,0.5,71.2
61128d38f512d6800205d192,1,0.5,69.69999999999999
61128d38f512d6800205d192,2,0.5,70.89999999999999
61128d38f512d6800205d192,3,0.5,70.19999999999999
61128d38f512d6800205d192,4,0.5,70.8
61128d38f512d6800205d192,5,0.5,71.6
61128d38f512d6800205d192,6,0.5,70.8
61128d38f512d6800205d192,7,0.5,71.1
61128d38f512d6800205d192,8,0.5,69.39999999999999
61128d38f512d6800205d192,9,0.5,69.1
61128d38f512d6800205d192,10,0.5,69.19999999999999
61128d38f512d6800205d192,11,0.5,69.3
61128d38f512d6800205d192,12,0.5,69.6
61128d38f512d6800205d192,13,0.5,70.39999999999999
61128d38f512d6800205d192,14,0.5,69.39999999999999
61128d38f512d6800205d192,15,0.5,70.3
61128d38f512d6800205d192,16,0.5,72.2
5f3e95436fa4350dadcfbfeb,0,0.5,69.5
5f3e95436fa4350dadcfbfeb,1,0.5,70.89999999999999
5f3e95436fa4350dadcfbfeb,2,0.5,70.8
5f3e95436fa4350dadcfbfeb,3,0.5,70.8
5f3e95436fa4350dadcfbfeb,4,0.5,70.19999999999999
5f3e95436fa4350dadcfbfeb,5,0.5,71.1
5f3e95436fa4350dadcfbfeb,6,0.5,71.3
5f3e95436fa4350dadcfbfeb,7,0.5,71.3
5f3e95436fa4350dadcfbfeb,8,0.5,71.3
5f3e95436fa4350dadcfbfeb,9,0.5,71.7
5f3e95436fa4350dadcfbfeb,10,0.5,70.19999999999999
5f3e95436fa4350dadcfbfeb,11,0.5,71.3
5f3e95436fa4350dadcfbfeb,12,0.5,70.7
5f3e95436fa4350dadcfbfeb,13,0.5,69.8
5f3e95436fa4350dadcfbfeb,14,0.5,71.6
5f3e95436fa4350dadcfbfeb,15,0.5,71.1
5f3e95436fa4350dadcfbfeb,16,0.5,72.0
5f3e95436fa4350dadcfbfeb,17,0.5,69.69999999999999
5f3e95436fa4350dadcfbfeb,18,0.5,70.7
5f3e95436fa4350dadcfbfeb,19,0.5,70.3
5f3e95436fa4350dadcfbfeb,20,0.5,70.89999999999999
5f3e95436fa4350dadcfbfeb,21,0.5,69.6
5f3e95436fa4350dadcfbfeb,22,0.5,69.1
5f3e95436fa4350dadcfbfeb,23,0.5,69.3
5f3e95436fa4350dadcfbfeb,24,0.5,70.39999999999999
5f3e95436fa4350dadcfbfeb,25,0.5,69.5
614d6d63ffaa9be82c464151,0,0.5,71.1
614d6d63ffaa9be82c464151,1,0.5,70.1
614d6d63ffaa9be82c464151,2,0.5,71.1
614d6d63ffaa9be82c464151,3,0.5,70.89999999999999
614d6d63ffaa9be82c464151,4,0.5,70.6
614d6d63ffaa9be82c464151,5,0.5,71.3
614d6d63ffaa9be82c464151,6,0.5,69.89999999999999
614d6d63ffaa9be82c464151,7,0.5,70.0
614d6d63ffaa9be82c464151,8,0.5,70.5
614d6d63ffaa9be82c464151,9,0.5,70.5
614d6d63ffaa9be82c464151,10,0.5,70.1
614d6d63ffaa9be82c464151,11,0.5,69.89999999999999
614d6d63ffaa9be82c464151,12,0.5,71.1
614d6d63ffaa9be82c464151,13,0.5,69.89999999999999
614d6d63ffaa9be82c464151,14,0.5,70.19999999999999
614d6d63ffaa9be82c464151,15,0.5,69.6
614d6d63ffaa9be82c464151,16,0.5,70.39999999999999
614d6d63ffaa9be82c464151,17,0.5,71.2
614d6d63ffaa9be82c464151,18,0.5,70.5
614d6d63ffaa9be82c464151,19,0.5,70.0
614d6d63ffaa9be82c464151,20,0.5,70.39999999999999
614d6d63ffaa9be82c464151,21,0.5,69.6
614d6d63ffaa9be82c464151,22,0.5,69.39999999999999
614d6d63ffaa9be82c464151,23,0.5,70.6
614d6d63ffaa9be82c464151,24,0.5,70.19999999999999
614d6d63ffaa9be82c464151,25,0.5,71.1
614d6d63ffaa9be82c464151,26,0.5,70.89999999999999
614d6d63ffaa9be82c464151,27,0.5,70.1
614d6d63ffaa9be82c464151,28,0.5,67.80000000000001
614d6d63ffaa9be82c464151,29,0.5,70.7
614d6d63ffaa9be82c464151,30,0.5,70.6
614d6d63ffaa9be82c464151,31,0.5,71.6
614d6d63ffaa9be82c464151,32,0.5,71.3
614d6d63ffaa9be82c464151,33,0.5,71.1
614d6d63ffaa9be82c464151,34,0.5,70.89999999999999
60fac4840835c496850e2267,0,0.5,69.5
60fac4840835c496850e2267,1,0.5,70.89999999999999
60fac4840835c496850e2267,2,0.5,70.8
60fac4840835c496850e2267,3,0.5,70.8
60fac4840835c496850e2267,4,0.5,69.5
60fac4840835c496850e2267,5,0.5,69.6
60fac4840835c496850e2267,6,0.5,70.3
60fac4840835c496850e2267,7,0.5,70.5
60fac4840835c496850e2267,8,0.5,71.1
60fac4840835c496850e2267,9,0.5,70.19999999999999
60fac4840835c496850e2267,10,0.5,70.1
60fac4840835c496850e2267,11,0.5,69.6
60fac4840835c496850e2267,12,0.5,71.39999999999999
60fac4840835c496850e2267,13,0.5,69.1
5fafea489c356e2e060a60f7,0,0.5,71.39999999999999
5fafea489c356e2e060a60f7,1,0.5,71.6
5fafea489c356e2e060a60f7,2,0.5,71.3
5fafea489c356e2e060a60f7,3,0.5,69.3
5fafea489c356e2e060a60f7,4,0.5,70.89999999999999
5fafea489c356e2e060a60f7,5,0.5,70.89999999999999
5fafea489c356e2e060a60f7,6,0.5,68.7
5fafea489c356e2e060a60f7,7,0.5,69.19999999999999
5fafea489c356e2e060a60f7,8,0.5,70.19999999999999
5fafea489c356e2e060a60f7,9,0.5,72.1
5fafea489c356e2e060a60f7,10,0.5,70.3
5fafea489c356e2e060a60f7,11,0.5,69.3
5fafea489c356e2e060a60f7,12,0.5,69.69999999999999
5fafea489c356e2e060a60f7,13,0.5,70.19999999999999
5fafea489c356e2e060a60f7,14,0.5,69.8
5fafea489c356e2e060a60f7,15,0.5,68.60000000000001
5fafea489c356e2e060a60f7,16,0.5,67.5
5fafea489c356e2e060a60f7,17,0.5,69.89999999999999
5fafea489c356e2e060a60f7,18,0.5,70.39999999999999
5fafea489c356e2e060a60f7,19,0.5,69.6
5fafea489c356e2e060a60f7,20,0.5,70.19999999999999
5fafea489c356e2e060a60f7,21,0.5,68.89999999999999
5fafea489c356e2e060a60f7,22,0.5,70.19999999999999
5fafea489c356e2e060a60f7,23,0.5,68.60000000000001
5fafea489c356e2e060a60f7,24,0.5,69.39999999999999
5fafea489c356e2e060a60f7,25,0.5,67.4
5fafea489c356e2e060a60f7,26,0.5,69.19999999999999
5fafea489c356e2e060a60f7,27,0.5,67.60000000000001
5fafea489c356e2e060a60f7,28,0.5,69.0
5fafea489c356e2e060a60f7,29,0.5,69.5
5fafea489c356e2e060a60f7,30,0.5,70.3
5fafea489c356e2e060a60f7,31,0.5,67.30000000000001
5fafea489c356e2e060a60f7,32,0.5,68.8
5fafea489c356e2e060a60f7,33,0.5,69.5
5fafea489c356e2e060a60f7,34,0.5,67.60000000000001
5fafea489c356e2e060a60f7,35,0.5,68.10000000000001
5fafea489c356e2e060a60f7,36,0.5,69.1
5fafea489c356e2e060a60f7,37,0.5,70.19999999999999
5fafea489c356e2e060a60f7,38,0.5,68.5
5fafea489c356e2e060a60f7,39,0.5,70.6
5fafea489c356e2e060a60f7,40,0.5,69.3
5fafea489c356e2e060a60f7,41,0.5,70.1
5fafea489c356e2e060a60f7,42,0.5,70.0
5fafea489c356e2e060a60f7,43,0.5,69.0
5fafea489c356e2e060a60f7,44,0.5,68.60000000000001
5fafea489c356e2e060a60f7,45,0.5,69.69999999999999
5fafea489c356e2e060a60f7,46,0.5,69.69999999999999
5fafea489c356e2e060a60f7,47,0.5,68.0
5fafea489c356e2e060a60f7,48,0.5,69.6
5fafea489c356e2e060a60f7,49,0.5,69.3
5fafea489c356e2e060a60f7,50,0.5,68.5
5fafea489c356e2e060a60f7,51,0.5,69.19999999999999
5fafea489c356e2e060a60f7,52,0.5,69.19999999999999
5fafea489c356e2e060a60f7,53,0.5,69.0
5fafea489c356e2e060a60f7,54,0.5,69.3
5fafea489c356e2e060a60f7,55,0.5,69.1
5fafea489c356e2e060a60f7,56,0.5,69.39999999999999
5fafea489c356e2e060a60f7,57,0.5,68.8
5fafea489c356e2e060a60f7,58,0.5,69.0
5fafea489c356e2e060a60f7,59,0.5,67.9
60d336e24fbd4089351d3785,0,0.5,69.5
60d336e24fbd4089351d3785,1,0.5,70.89999999999999
60d336e24fbd4089351d3785,2,0.5,71.1
60d336e24fbd4089351d3785,3,0.5,72.5
60d336e24fbd4089351d3785,4,0.5,69.19999999999999
60d336e24fbd4089351d3785,5,0.5,70.8
60d336e24fbd4089351d3785,6,0.5,70.1
60d336e24fbd4089351d3785,7,0.5,71.8
60d336e24fbd4089351d3785,8,0.5,69.39999999999999
60d336e24fbd4089351d3785,9,0.5,70.8
60d336e24fbd4089351d3785,10,0.5,69.39999999999999
60d336e24fbd4089351d3785,11,0.5,70.89999999999999
60d336e24fbd4089351d3785,12,0.5,70.0
60d336e24fbd4089351d3785,13,0.5,68.4
60d336e24fbd4089351d3785,14,0.5,70.3
60d336e24fbd4089351d3785,15,0.5,70.5
60d336e24fbd4089351d3785,16,0.5,70.7
5ad63c167f70c10001904bc5,0,0.5,70.1
5ad63c167f70c10001904bc5,1,0.5,70.89999999999999
5ad63c167f70c10001904bc5,2,0.5,70.8
5ad63c167f70c10001904bc5,3,0.5,70.8
5ad63c167f70c10001904bc5,4,0.5,71.1
5ad63c167f70c10001904bc5,5,0.5,70.19999999999999
5ad63c167f70c10001904bc5,6,0.5,71.2
5ad63c167f70c10001904bc5,7,0.5,72.5
5ad63c167f70c10001904bc5,8,0.5,70.7
5ad63c167f70c10001904bc5,9,0.5,70.89999999999999
5ad63c167f70c10001904bc5,10,0.5,72.0
5ad63c167f70c10001904bc5,11,0.5,71.3
